Airline,Aircraft_Type,Weather_Condition,Distance_km,Flight_Duration_min,Passenger_Count,Baggage_Handling_min,Departure_Delay_min,Departure_Delay_min_capped,Calculated_Speed_kmh,Is_Delayed_30Min,Airline_Akasa Air,Airline_IndiGo,Airline_SpiceJet,Airline_Vistara,Weather_Condition_Fog,Weather_Condition_Overcast,Weather_Condition_Rain,Weather_Condition_Thunderstorm,Aircraft_Type_Airbus A320neo,Aircraft_Type_Airbus A321neo,Aircraft_Type_Boeing 737 MAX,Aircraft_Type_Boeing 787 Dreamliner,Distance_km_scaled,Flight_Duration_min_scaled,Passenger_Count_scaled,Baggage_Handling_min_scaled,Calculated_Speed_kmh_scaled
Air India,Boeing 737 MAX,Clear,627.7,117.7,103.0,24.7,48.1,48.1,320.0,1,0,0,0,0,0,0,0,0,0,0,1,0,-1.2696,-0.9797,-0.7168,-0.0249,-1.3727
IndiGo,ATR 72,Clear,1545.7,233.1,124.0,20.0,12.0,12.0,397.9,0,0,1,0,0,0,0,0,0,0,0,0,0,1.1298,1.2942,-0.31,-0.8411,0.0368
Air India,Airbus A321neo,Clear,1386.2,200.4,65.0,31.6,28.4,28.4,415.0,0,0,0,0,0,0,0,0,0,0,1,0,0,0.7129,0.6499,-1.4529,1.1733,0.3462
Air India,Boeing 737 MAX,Clear,1387.3,167.1,67.0,27.6,40.4,40.4,498.1,1,0,0,0,0,0,0,0,0,0,0,1,0,0.7157,-0.0063,-1.4141,0.4787,1.8497
IndiGo,Boeing 737 MAX,Clear,1275.4,193.0,139.0,20.8,31.7,31.7,396.5,1,0,1,0,0,0,0,0,0,0,0,1,0,0.4233,0.504,-0.0195,-0.7022,0.0115
Air India,Boeing 737 MAX,Clear,1107.8,172.3,139.0,30.4,5.6,5.6,385.8,0,0,0,0,0,0,0,0,0,0,0,1,0,-0.0148,0.0962,-0.0195,0.9649,-0.1821
IndiGo,Airbus A321neo,Overcast,1369.1,204.5,55.0,28.4,2.2,2.2,401.7,0,0,1,0,0,0,1,0,0,0,1,0,0,0.6682,0.7307,-1.6466,0.6176,0.1055
IndiGo,Boeing 737 MAX,Overcast,1336.7,201.3,157.0,20.1,10.9,10.9,398.4,0,0,1,0,0,0,1,0,0,0,0,1,0,0.5835,0.6676,0.3292,-0.8238,0.0458
Vistara,Airbus A320neo,Fog,958.4,164.8,224.0,24.4,73.4,73.4,348.9,1,0,0,0,1,1,0,0,0,1,0,0,0,-0.4053,-0.0516,1.627,-0.077,-0.8498
IndiGo,Airbus A321neo,Thunderstorm,870.6,146.8,97.0,22.0,67.2,67.2,355.8,1,0,1,0,0,0,0,0,1,0,1,0,0,-0.6348,-0.4063,-0.833,-0.4938,-0.7249
IndiGo,Boeing 737 MAX,Overcast,1140.7,174.0,91.0,40.8,27.0,27.0,393.3,0,0,1,0,0,0,1,0,0,0,0,1,0,0.0712,0.1297,-0.9492,2.771,-0.0464
Air India,Boeing 737 MAX,Clear,1719.6,258.7,125.0,28.2,1.7,1.7,398.8,0,0,0,0,0,0,0,0,0,0,0,1,0,1.5843,1.7987,-0.2907,0.5829,0.0531
SpiceJet,Airbus A320neo,Overcast,604.4,90.3,126.0,26.1,24.6,24.6,401.6,0,0,0,1,0,0,1,0,0,1,0,0,0,-1.3305,-1.5196,-0.2713,0.2182,0.1037
IndiGo,Boeing 737 MAX,Rain,513.0,92.4,181.0,27.8,28.4,28.4,333.1,0,0,1,0,0,0,0,1,0,0,0,1,0,-1.5694,-1.4783,0.7941,0.5134,-1.1357
Air India,Airbus A320neo,Clear,1165.9,193.5,179.0,33.3,19.2,19.2,361.5,0,0,0,0,0,0,0,0,0,1,0,0,0,0.1371,0.5139,0.7553,1.4686,-0.6218
IndiGo,Boeing 737 MAX,Clear,1120.4,167.2,108.0,24.5,9.7,9.7,402.1,0,0,1,0,0,0,0,0,0,0,0,1,0,0.0181,-0.0043,-0.62,-0.0597,0.1128
IndiGo,Airbus A320neo,Rain,1169.3,167.4,204.0,21.5,36.8,36.8,419.1,1,0,1,0,0,0,0,1,0,1,0,0,0,0.146,-0.0004,1.2396,-0.5807,0.4204
Air India,Boeing 737 MAX,Clear,1197.6,167.1,76.0,30.1,6.4,6.4,430.0,0,0,0,0,0,0,0,0,0,0,0,1,0,0.2199,-0.0063,-1.2398,0.9128,0.6176
Air India,Boeing 787 Dreamliner,Overcast,1010.7,143.9,128.0,24.0,30.4,30.4,421.4,1,0,0,0,0,0,1,0,0,0,0,0,1,-0.2686,-0.4635,-0.2326,-0.1465,0.462
Air India,Airbus A320neo,Overcast,1695.9,238.3,121.0,18.6,17.4,17.4,427.0,0,0,0,0,0,0,1,0,0,1,0,0,0,1.5223,1.3967,-0.3681,-1.0843,0.5633
SpiceJet,Boeing 787 Dreamliner,Clear,459.6,77.6,56.0,17.4,11.4,11.4,355.4,0,0,0,1,0,0,0,0,0,0,0,0,1,-1.709,-1.7699,-1.6272,-1.2927,-0.7322
Akasa Air,Airbus A320neo,Clear,768.6,108.4,160.0,34.2,56.3,56.3,425.4,1,1,0,0,0,0,0,0,0,1,0,0,0,-0.9014,-1.163,0.3873,1.6249,0.5344
Air India,Airbus A321neo,Clear,1058.7,161.3,168.0,25.8,20.6,20.6,393.8,0,0,0,0,0,0,0,0,0,0,1,0,0,-0.1431,-0.1206,0.5422,0.1661,-0.0374
IndiGo,ATR 72,Clear,442.7,88.0,223.0,21.5,55.8,55.8,301.8,1,0,1,0,0,0,0,0,0,0,0,0,0,-1.7532,-1.565,1.6076,-0.5807,-1.702
SpiceJet,Boeing 737 MAX,Clear,1029.7,148.2,112.0,23.6,1.4,1.4,416.9,0,0,0,1,0,0,0,0,0,0,0,1,0,-0.2189,-0.3787,-0.5425,-0.216,0.3806
IndiGo,Boeing 737 MAX,Rain,1764.6,270.5,173.0,29.8,32.0,32.0,391.4,1,0,1,0,0,0,0,1,0,0,0,1,0,1.7019,2.0312,0.6391,0.8607,-0.0808
Air India,Airbus A321neo,Clear,1114.45,172.9,61.0,23.2,46.3,46.3,386.7,1,0,0,0,0,0,0,0,0,0,1,0,0,0.0026,0.108,-1.5303,-0.2854,-0.1659
IndiGo,Airbus A320neo,Clear,1192.3,189.3,190.0,16.3,17.2,17.2,377.9,0,0,1,0,0,0,0,0,0,1,0,0,0,0.2061,0.4311,0.9684,-1.4837,-0.3251
IndiGo,Airbus A320neo,Clear,595.9,92.9,92.0,24.843568464730286,26.8,26.8,384.9,0,0,1,0,0,0,0,0,0,1,0,0,0,-1.3527,-1.4684,-0.9299,-0.0,-0.1984
Akasa Air,Boeing 737 MAX,Thunderstorm,853.5,142.3,66.0,32.3,62.3,62.3,359.9,1,1,0,0,0,0,0,0,1,0,0,1,0,-0.6795,-0.495,-1.4335,1.2949,-0.6508
Vistara,ATR 72,Clear,949.9,135.7,112.0,31.8,8.3,8.3,420.0,0,0,0,0,1,0,0,0,0,0,0,0,0,-0.4275,-0.625,-0.5425,1.2081,0.4367
SpiceJet,ATR 72,Clear,972.9,158.6,169.0,21.6,0.0,0.0,368.1,0,0,0,1,0,0,0,0,0,0,0,0,0,-0.3674,-0.1738,0.5616,-0.5633,-0.5024
Air India,ATR 72,Thunderstorm,1612.7,236.7,85.0,32.6,68.8,68.8,408.8,1,0,0,0,0,0,0,0,1,0,0,0,0,1.3049,1.3651,-1.0655,1.347,0.234
IndiGo,Airbus A320neo,Rain,1323.1,201.9,57.0,24.843568464730286,30.5,30.5,393.2,1,0,1,0,0,0,0,1,0,1,0,0,0,0.5479,0.6794,-1.6078,-0.0,-0.0482
IndiGo,ATR 72,Clear,655.4,95.6,118.0,32.4,6.1,6.1,411.3,0,0,1,0,0,0,0,0,0,0,0,0,0,-1.1972,-1.4152,-0.4263,1.3123,0.2792
IndiGo,Airbus A320neo,Rain,1198.6,170.9,139.0,28.4,101.1,95.36250000000001,420.8,1,0,1,0,0,0,0,1,0,1,0,0,0,0.2225,0.0686,-0.0195,0.6176,0.4511
Air India,Boeing 737 MAX,Clear,1299.3,199.2,139.0,15.9,7.1,7.1,391.4,0,0,0,0,0,0,0,0,0,0,0,1,0,0.4857,0.6262,-0.0195,-1.5532,-0.0808
SpiceJet,Airbus A320neo,Clear,1556.1,218.0,77.0,35.5,27.4,27.4,428.3,0,0,0,1,0,0,0,0,0,1,0,0,0,1.1569,0.9967,-1.2204,1.8506,0.5868
SpiceJet,Airbus A320neo,Clear,1732.2,255.6,167.0,25.3,31.9,31.9,406.6,1,0,0,1,0,0,0,0,0,1,0,0,0,1.6172,1.7376,0.5229,0.0793,0.1942
IndiGo,Airbus A320neo,Clear,694.0,98.9,142.0,28.5,5.6,5.6,421.0,0,0,1,0,0,0,0,0,0,1,0,0,0,-1.0963,-1.3502,0.0386,0.635,0.4548
Akasa Air,Airbus A320neo,Overcast,775.7,131.9,224.0,16.9,12.3,12.3,352.9,0,1,0,0,0,0,1,0,0,1,0,0,0,-0.8828,-0.6999,1.627,-1.3795,-0.7774
SpiceJet,Boeing 737 MAX,Clear,597.0,87.3,125.0,28.0,14.4,14.4,410.3,0,0,0,1,0,0,0,0,0,0,0,1,0,-1.3499,-1.5788,-0.2907,0.5482,0.2612
Air India,Airbus A320neo,Clear,1006.4,159.7,150.0,31.6,17.4,17.4,378.1,0,0,0,0,0,0,0,0,0,1,0,0,0,-0.2798,-0.1521,0.1936,1.1733,-0.3215
Air India,Airbus A320neo,Overcast,1286.5,197.8,207.0,36.6,33.4,33.4,390.2,1,0,0,0,0,0,1,0,0,1,0,0,0,0.4523,0.5986,1.2977,2.0417,-0.1025
Air India,Airbus A320neo,Rain,1494.9,212.4,200.0,33.4,53.1,53.1,422.3,1,0,0,0,0,0,0,1,0,1,0,0,0,0.997,0.8863,1.1621,1.4859,0.4783
IndiGo,Airbus A320neo,Clear,1069.6,168.4,193.0,28.3,78.1,78.1,381.1,1,0,1,0,0,0,0,0,0,1,0,0,0,-0.1146,0.0193,1.0265,0.6003,-0.2672
IndiGo,Airbus A320neo,Overcast,972.1,152.2,63.0,15.7,10.5,10.5,383.2,0,0,1,0,0,0,1,0,0,1,0,0,0,-0.3695,-0.2999,-1.4916,-1.5879,-0.2292
SpiceJet,Airbus A320neo,Clear,1160.7,169.4,120.0,25.8,7.1,7.1,411.1,0,0,0,1,0,0,0,0,0,1,0,0,0,0.1235,0.039,-0.3875,0.1661,0.2756
IndiGo,Boeing 737 MAX,Rain,765.9,112.0,229.0,21.4,43.9,43.9,410.3,1,0,1,0,0,0,0,1,0,0,0,1,0,-0.9084,-1.092,1.7238,-0.598,0.2612
IndiGo,Boeing 737 MAX,Overcast,1935.8,258.5,173.0,26.4,0.0,0.0,449.3,0,0,1,0,0,0,1,0,0,0,0,1,0,2.1494,1.7947,0.6391,0.2703,0.9668
IndiGo,Boeing 737 MAX,Fog,456.9,84.4,174.0,17.7,80.2,80.2,324.8,1,0,1,0,0,1,0,0,0,0,0,1,0,-1.7161,-1.6359,0.6585,-1.2406,-1.2858
IndiGo,Boeing 737 MAX,Clear,1173.9,160.9,86.0,23.7,0.0,0.0,437.8,0,0,1,0,0,0,0,0,0,0,0,1,0,0.158,-0.1285,-1.0461,-0.1986,0.7587
Vistara,Airbus A320neo,Clear,1909.4,275.5,78.0,21.9,1.7,1.7,415.8,0,0,0,0,1,0,0,0,0,1,0,0,0,2.0804,2.1297,-1.2011,-0.5112,0.3607
SpiceJet,Airbus A321neo,Clear,1102.7,164.4,192.0,21.7,29.9,29.9,402.4,0,0,0,1,0,0,0,0,0,0,1,0,0,-0.0281,-0.0595,1.0071,-0.5459,0.1182
Air India,Boeing 737 MAX,Clear,1024.0,163.3,224.0,24.843568464730286,13.4,13.4,376.2,0,0,0,0,0,0,0,0,0,0,0,1,0,-0.2338,-0.0812,1.627,-0.0,-0.3558
IndiGo,Boeing 737 MAX,Clear,957.0,144.6,223.0,24.2,10.6,10.6,397.1,0,0,1,0,0,0,0,0,0,0,0,1,0,-0.4089,-0.4497,1.6076,-0.1118,0.0223
Air India,Airbus A320neo,Thunderstorm,1027.8,153.7,229.0,26.7,74.8,74.8,401.2,1,0,0,0,0,0,0,0,1,1,0,0,0,-0.2239,-0.2704,1.7238,0.3224,0.0965
Air India,Airbus A320neo,Clear,1649.1,247.2,68.0,10.0,37.6,37.6,400.3,1,0,0,0,0,0,0,0,0,1,0,0,0,1.4,1.572,-1.3948,-2.5778,0.0802
IndiGo,Airbus A320neo,Clear,300.0,63.4,155.0,10.7,5.4,5.4,283.9,0,0,1,0,0,0,0,0,0,1,0,0,0,-2.1261,-2.0497,0.2904,-2.4562,-2.0258
Air India,Airbus A320neo,Rain,1713.4,251.6,70.0,23.0,63.1,63.1,408.6,1,0,0,0,0,0,0,1,0,1,0,0,0,1.5681,1.6587,-1.356,-0.3202,0.2304
IndiGo,Boeing 737 MAX,Clear,530.4,95.4,113.0,23.8,6.8,6.8,333.6,0,0,1,0,0,0,0,0,0,0,0,1,0,-1.5239,-1.4191,-0.5231,-0.1812,-1.1266
Air India,Boeing 737 MAX,Rain,993.3,137.1,214.0,26.1,54.2,54.2,434.7,1,0,0,0,0,0,0,1,0,0,0,1,0,-0.3141,-0.5975,1.4333,0.2182,0.7026
Air India,Boeing 737 MAX,Clear,928.3,151.3,76.0,20.6,43.2,43.2,368.1,1,0,0,0,0,0,0,0,0,0,0,1,0,-0.484,-0.3176,-1.2398,-0.737,-0.5024
IndiGo,ATR 72,Clear,1335.4,204.2,104.0,25.1,8.5,8.5,392.4,0,0,1,0,0,0,0,0,0,0,0,0,0,0.5801,0.7247,-0.6974,0.0445,-0.0627
IndiGo,ATR 72,Clear,460.8,71.3,78.0,25.8,18.7,18.7,387.8,0,0,1,0,0,0,0,0,0,0,0,0,0,-1.7059,-1.894,-1.2011,0.1661,-0.1459
Air India,Boeing 737 MAX,Clear,1284.9,188.9,197.0,20.6,0.0,0.0,408.1,0,0,0,0,0,0,0,0,0,0,0,1,0,0.4481,0.4233,1.104,-0.737,0.2213
Air India,Boeing 787 Dreamliner,Thunderstorm,1909.7,274.2,74.0,31.1,82.6,82.6,417.9,1,0,0,0,0,0,0,0,1,0,0,0,1,2.0811,2.1041,-1.2785,1.0865,0.3987
Vistara,Airbus A320neo,Clear,554.7,92.6,119.0,26.1,12.2,12.2,359.4,0,0,0,0,1,0,0,0,0,1,0,0,0,-1.4604,-1.4743,-0.4069,0.2182,-0.6598
SpiceJet,Airbus A320neo,Clear,1175.9,180.1,112.0,28.3,17.5,17.5,391.7,0,0,0,1,0,0,0,0,0,1,0,0,0,0.1632,0.2499,-0.5425,0.6003,-0.0754
IndiGo,Airbus A320neo,Clear,835.2,145.7,213.0,25.4,0.0,0.0,343.9,0,0,1,0,0,0,0,0,0,1,0,0,0,-0.7273,-0.428,1.4139,0.0966,-0.9402
IndiGo,Boeing 737 MAX,Clear,1270.4,200.2,179.0,37.6,6.3,6.3,380.7,0,0,1,0,0,0,0,0,0,0,0,1,0,0.4102,0.6459,0.7553,2.2153,-0.2744
Air India,Airbus A321neo,Thunderstorm,1114.45,154.6,199.0,28.6,51.7,51.7,432.5,1,0,0,0,0,0,0,0,1,0,1,0,0,0.0026,-0.2526,1.1427,0.6524,0.6628
IndiGo,Airbus A320neo,Clear,843.4,138.7,65.0,22.1,9.0,9.0,364.8,0,0,1,0,0,0,0,0,0,1,0,0,0,-0.7059,-0.5659,-1.4529,-0.4765,-0.5621
Air India,Airbus A321neo,Overcast,1295.1,206.0,195.0,29.9,15.9,15.9,377.2,0,0,0,0,0,0,1,0,0,0,1,0,0,0.4748,0.7602,1.0652,0.8781,-0.3377
Vistara,Airbus A320neo,Fog,1821.7,266.8,149.0,15.2,77.6,77.6,409.7,1,0,0,0,1,1,0,0,0,1,0,0,0,1.8511,1.9583,0.1742,-1.6747,0.2503
Air India,Airbus A321neo,Overcast,1023.6,167.4,79.0,25.7,27.0,27.0,366.9,0,0,0,0,0,0,1,0,0,0,1,0,0,-0.2349,-0.0004,-1.1817,0.1487,-0.5241
IndiGo,Airbus A320neo,Thunderstorm,1387.9,225.2,94.0,26.9,70.7,70.7,369.8,1,0,1,0,0,0,0,0,1,1,0,0,0,0.7173,1.1385,-0.8911,0.3571,-0.4716
Air India,Airbus A320neo,Clear,582.7,107.9,68.0,25.8,60.4,60.4,324.0,1,0,0,0,0,0,0,0,0,1,0,0,0,-1.3873,-1.1728,-1.3948,0.1661,-1.3003
Air India,Boeing 737 MAX,Clear,717.4,118.1,83.0,23.0,18.0,18.0,364.5,0,0,0,0,0,0,0,0,0,0,0,1,0,-1.0352,-0.9718,-1.1042,-0.3202,-0.5675
Air India,Airbus A320neo,Clear,1289.0,202.3,190.0,18.9,47.5,47.5,382.3,1,0,0,0,0,0,0,0,0,1,0,0,0,0.4588,0.6873,0.9684,-1.0322,-0.2455
Vistara,Airbus A320neo,Overcast,1693.6,247.3,220.0,20.3,22.9,22.9,410.9,0,0,0,0,1,0,1,0,0,1,0,0,0,1.5163,1.574,1.5495,-0.789,0.272
IndiGo,Airbus A320neo,Fog,1242.2,167.1,111.0,25.6,52.2,52.2,446.0,1,0,1,0,0,1,0,0,0,1,0,0,0,0.3365,-0.0063,-0.5618,0.1314,0.9071
Akasa Air,ATR 72,Clear,974.8,146.5,167.0,18.3,3.1,3.1,399.2,0,1,0,0,0,0,0,0,0,0,0,0,0,-0.3624,-0.4122,0.5229,-1.1364,0.0603
Vistara,Boeing 737 MAX,Overcast,1099.7,182.3,149.0,24.843568464730286,33.8,33.8,361.9,1,0,0,0,1,0,1,0,0,0,0,1,0,-0.036,0.2932,0.1742,-0.0,-0.6146
IndiGo,Airbus A320neo,Clear,599.8,91.8,71.0,10.0,0.3,0.3,392.0,0,0,1,0,0,0,0,0,0,1,0,0,0,-1.3426,-1.4901,-1.3366,-2.5778,-0.07
IndiGo,Boeing 737 MAX,Overcast,1341.8,214.2,139.0,23.1,8.4,8.4,375.9,0,0,1,0,0,0,1,0,0,0,0,1,0,0.5968,0.9218,-0.0195,-0.3028,-0.3613
IndiGo,Boeing 737 MAX,Clear,1452.9,218.7,229.0,25.7,16.6,16.6,398.6,0,0,1,0,0,0,0,0,0,0,0,1,0,0.8872,1.0105,1.7238,0.1487,0.0495
IndiGo,Airbus A320neo,Fog,919.2,128.6,160.0,28.0,59.2,59.2,428.9,1,0,1,0,0,1,0,0,0,1,0,0,0,-0.5077,-0.7649,0.3873,0.5482,0.5977
IndiGo,Airbus A320neo,Overcast,912.0,145.3,213.0,19.5,27.1,27.1,376.6,0,0,1,0,0,0,1,0,0,1,0,0,0,-0.5266,-0.4359,1.4139,-0.928,-0.3486
SpiceJet,Airbus A320neo,Clear,1206.4,159.9,122.0,31.8,5.1,5.1,452.7,0,0,0,1,0,0,0,0,0,1,0,0,0,0.2429,-0.1482,-0.3488,1.2081,1.0283
IndiGo,Airbus A320neo,Clear,925.3,149.6,196.0,16.6,5.5,5.5,371.1,0,0,1,0,0,0,0,0,0,1,0,0,0,-0.4918,-0.3511,1.0846,-1.4316,-0.4481
IndiGo,Boeing 737 MAX,Clear,1073.5,172.0,87.0,21.6,19.0,19.0,374.5,0,0,1,0,0,0,0,0,0,0,0,1,0,-0.1044,0.0902,-1.0267,-0.5633,-0.3866
Vistara,Airbus A320neo,Clear,1939.9,272.7,119.0,28.7,58.5,58.5,426.8,1,0,0,0,1,0,0,0,0,1,0,0,0,2.1601,2.0745,-0.4069,0.6697,0.5597
IndiGo,Boeing 737 MAX,Clear,1001.2,167.1,165.0,31.2,28.1,28.1,359.5,0,0,1,0,0,0,0,0,0,0,0,1,0,-0.2934,-0.0063,0.4841,1.1039,-0.658
Vistara,Boeing 737 MAX,Rain,956.7,167.1,128.0,16.6,64.1,64.1,343.5,1,0,0,0,1,0,0,1,0,0,0,1,0,-0.4097,-0.0063,-0.2326,-1.4316,-0.9475
IndiGo,Airbus A320neo,Overcast,841.0,127.1,197.0,40.9,37.0,37.0,397.0,1,0,1,0,0,0,1,0,0,1,0,0,0,-0.7121,-0.7945,1.104,2.7884,0.0205
IndiGo,Boeing 737 MAX,Clear,1397.7,195.8,58.0,19.6,17.7,17.7,428.3,0,0,1,0,0,0,0,0,0,0,0,1,0,0.7429,0.5592,-1.5884,-0.9106,0.5868
SpiceJet,Airbus A320neo,Clear,1114.45,171.8,81.0,17.1,3.0,3.0,389.2,0,0,0,1,0,0,0,0,0,1,0,0,0,0.0026,0.0863,-1.1429,-1.3448,-0.1206
Air India,Boeing 787 Dreamliner,Rain,840.3,151.7,181.0,28.0,48.6,48.6,332.4,1,0,0,0,0,0,0,1,0,0,0,0,1,-0.714,-0.3098,0.7941,0.5482,-1.1483
Vistara,Boeing 737 MAX,Overcast,1628.5,237.2,99.0,22.9,25.1,25.1,411.9,0,0,0,0,1,0,1,0,0,0,0,1,0,1.3462,1.375,-0.7943,-0.3375,0.2901
SpiceJet,ATR 72,Clear,1667.8,252.5,131.0,22.0,23.3,23.3,396.3,0,0,0,1,0,0,0,0,0,0,0,0,0,1.4489,1.6765,-0.1744,-0.4938,0.0078
Vistara,Boeing 737 MAX,Overcast,859.8,148.1,54.0,28.6,23.7,23.7,348.3,0,0,0,0,1,0,1,0,0,0,0,1,0,-0.663,-0.3807,-1.6659,0.6524,-0.8606
IndiGo,Airbus A320neo,Clear,353.4,59.7,197.0,15.8,15.3,15.3,355.2,0,0,1,0,0,0,0,0,0,1,0,0,0,-1.9866,-2.1226,1.104,-1.5705,-0.7358
IndiGo,Boeing 737 MAX,Clear,1503.0,215.5,136.0,14.8,3.0,3.0,418.5,0,0,1,0,0,0,0,0,0,0,0,1,0,1.0181,0.9474,-0.0776,-1.7442,0.4095
SpiceJet,Boeing 787 Dreamliner,Clear,826.1,142.5,175.0,21.4,10.5,10.5,347.8,0,0,0,1,0,0,0,0,0,0,0,0,1,-0.7511,-0.491,0.6778,-0.598,-0.8697
Vistara,Boeing 737 MAX,Clear,1416.3,225.7,124.0,31.5,3.6,3.6,376.5,0,0,0,0,1,0,0,0,0,0,0,1,0,0.7915,1.1484,-0.31,1.156,-0.3504
Akasa Air,ATR 72,Clear,312.0,67.2,214.0,21.7,34.9,34.9,278.6,1,1,0,0,0,0,0,0,0,0,0,0,0,-2.0948,-1.9748,1.4333,-0.5459,-2.1217
Air India,Airbus A321neo,Thunderstorm,1457.0,205.5,71.0,34.6,61.4,61.4,425.4,1,0,0,0,0,0,0,0,1,0,1,0,0,0.8979,0.7504,-1.3366,1.6943,0.5344
IndiGo,Airbus A320neo,Rain,615.5,121.9,117.0,32.2,24.7,24.7,303.0,0,0,1,0,0,0,0,1,0,1,0,0,0,-1.3015,-0.897,-0.4456,1.2775,-1.6803
SpiceJet,Airbus A320neo,Overcast,1392.3,200.3,93.0,26.7,24.6,24.6,417.1,0,0,0,1,0,0,1,0,0,1,0,0,0,0.7288,0.6479,-0.9105,0.3224,0.3842
IndiGo,Boeing 737 MAX,Clear,1105.7,164.1,83.0,27.0,18.8,18.8,404.3,0,0,1,0,0,0,0,0,0,0,0,1,0,-0.0203,-0.0654,-1.1042,0.3745,0.1526
Vistara,Airbus A320neo,Clear,718.4,119.2,126.0,26.7,7.2,7.2,361.6,0,0,0,0,1,0,0,0,0,1,0,0,0,-1.0326,-0.9502,-0.2713,0.3224,-0.62
Vistara,ATR 72,Overcast,937.2,160.5,91.0,26.0,14.7,14.7,350.4,0,0,0,0,1,0,1,0,0,0,0,0,0,-0.4607,-0.1364,-0.9492,0.2008,-0.8226
Air India,Airbus A321neo,Clear,1374.5,211.8,186.0,22.8,14.4,14.4,389.4,0,0,0,0,0,0,0,0,0,0,1,0,0,0.6823,0.8745,0.8909,-0.3549,-0.117
SpiceJet,Airbus A320neo,Clear,1142.4,176.5,155.0,23.5,0.7,0.7,388.4,0,0,0,1,0,0,0,0,0,1,0,0,0,0.0756,0.1789,0.2904,-0.2333,-0.1351
SpiceJet,Airbus A320neo,Clear,1333.8,202.5,144.0,18.6,53.8,53.8,395.2,1,0,0,1,0,0,0,0,0,1,0,0,0,0.5759,0.6912,0.0774,-1.0843,-0.0121
IndiGo,ATR 72,Rain,1890.6,272.5,184.0,11.7,67.3,67.3,416.3,1,0,1,0,0,0,0,1,0,0,0,0,0,2.0312,2.0706,0.8522,-2.2826,0.3697
Vistara,Airbus A320neo,Clear,474.3,88.8,117.0,31.6,12.8,12.8,320.5,0,0,0,0,1,0,0,0,0,1,0,0,0,-1.6706,-1.5492,-0.4456,1.1733,-1.3636
Air India,ATR 72,Clear,1746.9,227.6,196.0,25.9,6.8,6.8,460.5,0,0,0,0,0,0,0,0,0,0,0,0,0,1.6556,1.1858,1.0846,0.1835,1.1694
Vistara,Airbus A320neo,Rain,1141.7,169.3,208.0,24.843568464730286,50.2,50.2,404.6,1,0,0,0,1,0,0,1,0,1,0,0,0,0.0738,0.037,1.317,-0.0,0.158
IndiGo,Boeing 737 MAX,Clear,740.5,121.1,177.0,27.4,0.0,0.0,366.9,0,0,1,0,0,0,0,0,0,0,0,1,0,-0.9748,-0.9127,0.7166,0.444,-0.5241
Vistara,Airbus A320neo,Clear,567.9,84.2,212.0,20.0,9.9,9.9,404.7,0,0,0,0,1,0,0,0,0,1,0,0,0,-1.4259,-1.6398,1.3945,-0.8411,0.1598
IndiGo,Boeing 737 MAX,Clear,1024.4,160.4,134.0,19.0,13.0,13.0,383.2,0,0,1,0,0,0,0,0,0,0,0,1,0,-0.2328,-0.1383,-0.1163,-1.0148,-0.2292
IndiGo,Boeing 737 MAX,Clear,1468.7,213.8,208.0,23.3,51.9,51.9,412.2,1,0,1,0,0,0,0,0,0,0,0,1,0,0.9285,0.9139,1.317,-0.2681,0.2955
Vistara,Boeing 737 MAX,Rain,1049.0,177.4,132.0,33.2,20.3,20.3,354.8,0,0,0,0,1,0,0,1,0,0,0,1,0,-0.1685,0.1967,-0.1551,1.4512,-0.743
IndiGo,Airbus A320neo,Clear,1704.5,263.0,144.0,18.0,19.1,19.1,388.9,0,0,1,0,0,0,0,0,0,1,0,0,0,1.5448,1.8834,0.0774,-1.1885,-0.126
IndiGo,Boeing 737 MAX,Clear,519.5,84.6,81.0,10.0,20.5,20.5,368.4,0,0,1,0,0,0,0,0,0,0,0,1,0,-1.5524,-1.632,-1.1429,-2.5778,-0.497
Akasa Air,Airbus A321neo,Thunderstorm,1095.2,164.5,115.0,21.9,70.1,70.1,399.5,1,1,0,0,0,0,0,0,1,0,1,0,0,-0.0477,-0.0575,-0.4844,-0.5112,0.0657
Akasa Air,Airbus A320neo,Thunderstorm,599.0,99.1,139.0,31.9,60.0,60.0,362.7,1,1,0,0,0,0,0,0,1,1,0,0,0,-1.3446,-1.3462,-0.0195,1.2254,-0.6001
Air India,Airbus A320neo,Thunderstorm,1245.5,181.6,187.0,14.6,125.2,95.36250000000001,411.5,1,0,0,0,0,0,0,0,1,1,0,0,0,0.3451,0.2794,0.9103,-1.7789,0.2829
Air India,Airbus A320neo,Clear,1454.8,167.1,179.0,17.9,18.1,18.1,522.4,0,0,0,0,0,0,0,0,0,1,0,0,0,0.8922,-0.0063,0.7553,-1.2058,2.2894
Air India,Boeing 737 MAX,Clear,931.7,136.6,109.0,26.6,18.5,18.5,409.2,0,0,0,0,0,0,0,0,0,0,0,1,0,-0.4751,-0.6073,-0.6006,0.305,0.2412
IndiGo,Boeing 737 MAX,Fog,300.0,48.7,66.0,40.4,49.2,49.2,369.6,1,0,1,0,0,1,0,0,0,0,0,1,0,-2.1261,-2.3394,-1.4335,2.7016,-0.4752
IndiGo,Boeing 737 MAX,Rain,1179.6,183.5,145.0,16.9,41.7,41.7,385.7,1,0,1,0,0,0,0,1,0,0,0,1,0,0.1729,0.3168,0.0967,-1.3795,-0.1839
SpiceJet,Airbus A320neo,Clear,1274.7,196.3,193.0,16.6,6.1,6.1,389.6,0,0,0,1,0,0,0,0,0,1,0,0,0,0.4214,0.5691,1.0265,-1.4316,-0.1134
SpiceJet,Airbus A320neo,Clear,1261.7,180.2,65.0,27.0,1.0,1.0,420.1,0,0,0,1,0,0,0,0,0,1,0,0,0,0.3875,0.2518,-1.4529,0.3745,0.4385
SpiceJet,Boeing 737 MAX,Clear,1594.3,241.5,95.0,24.843568464730286,7.0,7.0,396.1,0,0,0,1,0,0,0,0,0,0,0,1,0,1.2568,1.4597,-0.8718,-0.0,0.0042
SpiceJet,Boeing 737 MAX,Thunderstorm,671.6,103.2,216.0,21.3,95.4,95.36250000000001,390.5,1,0,0,1,0,0,0,0,1,0,0,1,0,-1.1549,-1.2654,1.472,-0.6154,-0.0971
IndiGo,Boeing 787 Dreamliner,Clear,1372.1,205.5,208.0,15.3,2.6,2.6,400.6,0,0,1,0,0,0,0,0,0,0,0,0,1,0.676,0.7504,1.317,-1.6574,0.0856
Air India,Airbus A320neo,Clear,1577.0,238.5,156.0,27.6,0.0,0.0,396.7,0,0,0,0,0,0,0,0,0,1,0,0,0,1.2116,1.4006,0.3098,0.4787,0.0151
IndiGo,Boeing 737 MAX,Clear,388.6,71.5,137.0,28.7,14.2,14.2,326.1,0,0,1,0,0,0,0,0,0,0,0,1,0,-1.8946,-1.8901,-0.0582,0.6697,-1.2623
Air India,Airbus A320neo,Overcast,1227.9,188.3,178.0,35.7,23.5,23.5,391.3,0,0,0,0,0,0,1,0,0,1,0,0,0,0.2991,0.4114,0.7359,1.8854,-0.0826
Air India,Airbus A320neo,Rain,898.3,134.6,188.0,28.9,25.1,25.1,400.4,0,0,0,0,0,0,0,1,0,1,0,0,0,-0.5624,-0.6467,0.9296,0.7045,0.082
Vistara,Boeing 737 MAX,Clear,1067.4,160.4,168.0,24.843568464730286,21.4,21.4,399.3,0,0,0,0,1,0,0,0,0,0,0,1,0,-0.1204,-0.1383,0.5422,-0.0,0.0621
IndiGo,Boeing 737 MAX,Rain,1239.1,183.2,134.0,23.4,30.3,30.3,405.8,1,0,1,0,0,0,0,1,0,0,0,1,0,0.3284,0.3109,-0.1163,-0.2507,0.1797
IndiGo,Boeing 787 Dreamliner,Fog,905.1,133.2,53.0,39.6,35.6,35.6,407.7,1,0,1,0,0,1,0,0,0,0,0,0,1,-0.5446,-0.6743,-1.6853,2.5626,0.2141
IndiGo,Airbus A320neo,Clear,829.7,128.9,120.0,22.6,2.0,2.0,386.2,0,0,1,0,0,0,0,0,0,1,0,0,0,-0.7417,-0.759,-0.3875,-0.3896,-0.1749
SpiceJet,Airbus A320neo,Clear,1113.7,153.0,203.0,21.3,30.7,30.7,436.7,1,0,0,1,0,0,0,0,0,1,0,0,0,0.0006,-0.2841,1.2202,-0.6154,0.7388
Air India,Boeing 737 MAX,Clear,665.1,103.8,160.0,35.9,0.0,0.0,384.5,0,0,0,0,0,0,0,0,0,0,0,1,0,-1.1719,-1.2536,0.3873,1.9201,-0.2057
IndiGo,Boeing 737 MAX,Rain,665.7,105.9,99.0,16.2,27.5,27.5,377.2,0,0,1,0,0,0,0,1,0,0,0,1,0,-1.1703,-1.2122,-0.7943,-1.5011,-0.3377
IndiGo,Airbus A320neo,Overcast,1371.7,200.3,189.0,13.9,12.9,12.9,410.9,0,0,1,0,0,0,1,0,0,1,0,0,0,0.675,0.6479,0.949,-1.9005,0.272
SpiceJet,Airbus A320neo,Overcast,640.5,103.0,144.0,25.7,36.0,36.0,373.1,1,0,0,1,0,0,1,0,0,1,0,0,0,-1.2362,-1.2694,0.0774,0.1487,-0.4119
IndiGo,Airbus A320neo,Rain,1366.5,201.6,141.0,25.0,31.1,31.1,406.7,1,0,1,0,0,0,0,1,0,1,0,0,0,0.6614,0.6735,0.0193,0.0272,0.196
Vistara,Airbus A321neo,Clear,1285.0,196.1,114.0,23.6,6.7,6.7,393.2,0,0,0,0,1,0,0,0,0,0,1,0,0,0.4484,0.5651,-0.5037,-0.216,-0.0482
SpiceJet,Airbus A320neo,Thunderstorm,409.7,83.4,96.0,31.0,61.2,61.2,294.7,1,0,0,1,0,0,0,0,1,1,0,0,0,-1.8394,-1.6556,-0.8524,1.0691,-1.8304
IndiGo,Airbus A320neo,Clear,829.0,124.0,155.0,19.6,7.8,7.8,401.1,0,0,1,0,0,0,0,0,0,1,0,0,0,-0.7435,-0.8556,0.2904,-0.9106,0.0947
IndiGo,Airbus A320neo,Clear,1577.6,218.3,179.0,25.4,12.8,12.8,433.6,0,0,1,0,0,0,0,0,0,1,0,0,0,1.2131,1.0026,0.7553,0.0966,0.6827
Akasa Air,Airbus A320neo,Overcast,707.5,103.9,155.0,22.8,25.2,25.2,408.6,0,1,0,0,0,0,1,0,0,1,0,0,0,-1.0611,-1.2517,0.2904,-0.3549,0.2304
IndiGo,Airbus A320neo,Rain,914.2,137.0,73.0,24.843568464730286,37.7,37.7,400.4,1,0,1,0,0,0,0,1,0,1,0,0,0,-0.5208,-0.5994,-1.2979,-0.0,0.082
IndiGo,Boeing 737 MAX,Clear,1284.8,187.8,53.0,24.6,0.0,0.0,410.5,0,0,1,0,0,0,0,0,0,0,0,1,0,0.4478,0.4016,-1.6853,-0.0423,0.2648
Vistara,Airbus A320neo,Rain,1413.4,200.8,157.0,30.1,30.8,30.8,422.3,1,0,0,0,1,0,0,1,0,1,0,0,0,0.784,0.6577,0.3292,0.9128,0.4783
Vistara,ATR 72,Thunderstorm,999.4,140.3,68.0,37.7,75.2,75.2,427.4,1,0,0,0,1,0,0,0,1,0,0,0,0,-0.2981,-0.5344,-1.3948,2.2327,0.5705
Akasa Air,Airbus A320neo,Clear,861.0,130.2,203.0,28.5,9.7,9.7,396.8,0,1,0,0,0,0,0,0,0,1,0,0,0,-0.6599,-0.7334,1.2202,0.635,0.0169
SpiceJet,Boeing 737 MAX,Clear,1668.9,244.3,89.0,10.0,73.8,73.8,409.9,1,0,0,1,0,0,0,0,0,0,0,1,0,1.4518,1.5149,-0.988,-2.5778,0.2539
IndiGo,Airbus A321neo,Clear,1795.6,265.4,99.0,24.8,55.7,55.7,405.9,1,0,1,0,0,0,0,0,0,0,1,0,0,1.7829,1.9307,-0.7943,-0.0076,0.1815
IndiGo,Boeing 737 MAX,Clear,1491.5,213.3,220.0,25.3,66.3,66.3,419.5,1,0,1,0,0,0,0,0,0,0,0,1,0,0.9881,0.9041,1.5495,0.0793,0.4276
SpiceJet,Boeing 737 MAX,Clear,1134.1,167.1,124.0,30.6,31.7,31.7,407.2,1,0,0,1,0,0,0,0,0,0,0,1,0,0.054,-0.0063,-0.31,0.9997,0.2051
Air India,Airbus A320neo,Thunderstorm,776.7,114.3,61.0,26.1,74.8,74.8,407.7,1,0,0,0,0,0,0,0,1,1,0,0,0,-0.8802,-1.0467,-1.5303,0.2182,0.2141
Air India,Airbus A320neo,Overcast,767.8,167.1,76.0,32.5,28.6,28.6,275.7,0,0,0,0,0,0,1,0,0,1,0,0,0,-0.9035,-0.0063,-1.2398,1.3296,-2.1742
Vistara,Boeing 737 MAX,Clear,1309.0,167.1,162.0,27.4,2.0,2.0,470.0,0,0,0,0,1,0,0,0,0,0,0,1,0,0.5111,-0.0063,0.426,0.444,1.3413
IndiGo,Boeing 787 Dreamliner,Clear,1267.4,194.7,98.0,34.4,12.2,12.2,390.6,0,0,1,0,0,0,0,0,0,0,0,0,1,0.4024,0.5375,-0.8137,1.6596,-0.0953
Air India,Boeing 737 MAX,Overcast,1660.6,223.6,193.0,22.4,18.3,18.3,445.6,0,0,0,0,0,0,1,0,0,0,0,1,0,1.4301,1.107,1.0265,-0.4244,0.8998
IndiGo,Boeing 737 MAX,Clear,1360.2,197.8,179.0,25.9,21.2,21.2,412.6,0,0,1,0,0,0,0,0,0,0,0,1,0,0.6449,0.5986,0.7553,0.1835,0.3028
Air India,Boeing 737 MAX,Thunderstorm,498.8,89.5,109.0,30.0,91.7,91.7,334.4,1,0,0,0,0,0,0,0,1,0,0,1,0,-1.6065,-1.5354,-0.6006,0.8955,-1.1121
IndiGo,Boeing 737 MAX,Rain,1520.8,224.6,79.0,21.6,34.5,34.5,406.3,1,0,1,0,0,0,0,1,0,0,0,1,0,1.0647,1.1267,-1.1817,-0.5633,0.1888
IndiGo,Airbus A320neo,Clear,700.8,140.4,133.0,20.3,11.8,11.8,299.5,0,0,1,0,0,0,0,0,0,1,0,0,0,-1.0786,-0.5324,-0.1357,-0.789,-1.7436
IndiGo,Boeing 737 MAX,Fog,946.4,149.7,215.0,21.2,94.7,94.7,379.3,1,0,1,0,0,1,0,0,0,0,0,1,0,-0.4366,-0.3492,1.4526,-0.6328,-0.2997
Air India,Boeing 787 Dreamliner,Clear,1200.1,170.0,77.0,20.5,3.3,3.3,423.6,0,0,0,0,0,0,0,0,0,0,0,0,1,0.2265,0.0508,-1.2204,-0.7543,0.5018
SpiceJet,Airbus A320neo,Fog,1898.3,272.2,74.0,28.1,61.5,61.5,418.4,1,0,0,1,0,1,0,0,0,1,0,0,0,2.0513,2.0647,-1.2785,0.5655,0.4077
Air India,Boeing 737 MAX,Overcast,2344.0,314.8,145.0,14.0,42.1,42.1,446.8,1,0,0,0,0,0,1,0,0,0,0,1,0,3.2163,2.9041,0.0967,-1.8831,0.9216
Akasa Air,Airbus A320neo,Overcast,1342.7,198.2,174.0,15.7,23.0,23.0,406.5,0,1,0,0,0,0,1,0,0,1,0,0,0,0.5992,0.6065,0.6585,-1.5879,0.1924
IndiGo,Boeing 737 MAX,Clear,1026.7,148.6,59.0,36.2,13.8,13.8,414.5,0,0,1,0,0,0,0,0,0,0,0,1,0,-0.2268,-0.3708,-1.5691,1.9722,0.3371
IndiGo,Airbus A320neo,Thunderstorm,1313.8,204.3,91.0,20.6,65.6,65.6,385.8,1,0,1,0,0,0,0,0,1,1,0,0,0,0.5236,0.7267,-0.9492,-0.737,-0.1821
Vistara,Boeing 737 MAX,Clear,1455.1,208.5,89.0,26.2,5.3,5.3,418.7,0,0,0,0,1,0,0,0,0,0,0,1,0,0.893,0.8095,-0.988,0.2356,0.4131
IndiGo,ATR 72,Clear,971.7,148.4,126.0,16.1,37.0,37.0,392.9,1,0,1,0,0,0,0,0,0,0,0,0,0,-0.3705,-0.3748,-0.2713,-1.5184,-0.0537
Akasa Air,Airbus A320neo,Clear,1818.1,167.1,154.0,25.6,10.7,10.7,652.8,0,1,0,0,0,0,0,0,0,1,0,0,0,1.8417,-0.0063,0.2711,0.1314,4.6488
IndiGo,Boeing 737 MAX,Overcast,1192.0,196.3,167.0,20.7,15.3,15.3,364.3,0,0,1,0,0,0,1,0,0,0,0,1,0,0.2053,0.5691,0.5229,-0.7196,-0.5711
Akasa Air,ATR 72,Clear,1299.1,190.0,91.0,15.6,0.0,0.0,410.2,0,1,0,0,0,0,0,0,0,0,0,0,0,0.4852,0.4449,-0.9492,-1.6053,0.2593
IndiGo,Airbus A321neo,Overcast,1366.4,220.5,96.0,33.0,9.6,9.6,371.8,0,0,1,0,0,0,1,0,0,0,1,0,0,0.6611,1.0459,-0.8524,1.4165,-0.4354
Vistara,Airbus A320neo,Thunderstorm,1268.6,197.3,214.0,32.1,119.6,95.36250000000001,385.8,1,0,0,0,1,0,0,0,1,1,0,0,0,0.4055,0.5888,1.4333,1.2602,-0.1821
Air India,Airbus A320neo,Clear,1435.6,216.2,71.0,24.843568464730286,6.2,6.2,398.4,0,0,0,0,0,0,0,0,0,1,0,0,0,0.842,0.9612,-1.3366,-0.0,0.0458
Akasa Air,Airbus A320neo,Overcast,853.1,137.4,156.0,31.0,19.8,19.8,372.5,0,1,0,0,0,0,1,0,0,1,0,0,0,-0.6805,-0.5915,0.3098,1.0691,-0.4228
IndiGo,Boeing 787 Dreamliner,Clear,876.7,140.8,76.0,36.4,1.5,1.5,373.6,0,0,1,0,0,0,0,0,0,0,0,0,1,-0.6188,-0.5245,-1.2398,2.0069,-0.4029
Air India,Airbus A321neo,Rain,659.9,88.7,90.0,24.843568464730286,53.8,53.8,446.4,1,0,0,0,0,0,0,1,0,0,1,0,0,-1.1855,-1.5512,-0.9686,-0.0,0.9143
Akasa Air,Boeing 737 MAX,Rain,1275.8,187.3,129.0,27.9,67.4,67.4,408.7,1,1,0,0,0,0,0,1,0,0,0,1,0,0.4243,0.3917,-0.2132,0.5308,0.2322
Air India,ATR 72,Clear,1411.6,167.1,211.0,26.2,18.8,18.8,506.9,0,0,0,0,0,0,0,0,0,0,0,0,0,0.7793,-0.0063,1.3751,0.2356,2.009
Air India,Boeing 737 MAX,Overcast,1283.1,190.6,209.0,28.9,9.8,9.8,403.9,0,0,0,0,0,0,1,0,0,0,0,1,0,0.4434,0.4568,1.3364,0.7045,0.1454
SpiceJet,Boeing 737 MAX,Clear,1769.8,241.9,138.0,22.8,11.3,11.3,439.0,0,0,0,1,0,0,0,0,0,0,0,1,0,1.7155,1.4676,-0.0389,-0.3549,0.7804
Air India,Airbus A320neo,Clear,1097.8,165.8,115.0,23.3,33.5,33.5,397.3,1,0,0,0,0,0,0,0,0,1,0,0,0,-0.0409,-0.0319,-0.4844,-0.2681,0.0259
Air India,ATR 72,Rain,1367.5,219.4,61.0,27.7,37.1,37.1,374.0,1,0,0,0,0,0,0,1,0,0,0,0,0,0.664,1.0243,-1.5303,0.4961,-0.3956
Air India,Airbus A320neo,Clear,663.3,120.9,217.0,22.2,35.6,35.6,329.2,1,0,0,0,0,0,0,0,0,1,0,0,0,-1.1766,-0.9167,1.4914,-0.4591,-1.2062
Vistara,ATR 72,Clear,945.2,145.4,139.0,22.8,9.5,9.5,390.0,0,0,0,0,1,0,0,0,0,0,0,0,0,-0.4398,-0.4339,-0.0195,-0.3549,-0.1061
IndiGo,ATR 72,Clear,1378.2,213.3,125.0,25.0,42.5,42.5,387.7,1,0,1,0,0,0,0,0,0,0,0,0,0,0.692,0.9041,-0.2907,0.0272,-0.1478
IndiGo,Boeing 737 MAX,Rain,1439.6,208.3,139.0,31.9,42.4,42.4,414.7,1,0,1,0,0,0,0,1,0,0,0,1,0,0.8524,0.8055,-0.0195,1.2254,0.3408
Akasa Air,Airbus A320neo,Clear,982.4,167.1,59.0,18.2,0.0,0.0,352.7,0,1,0,0,0,0,0,0,0,1,0,0,0,-0.3425,-0.0063,-1.5691,-1.1537,-0.781
Vistara,Airbus A320neo,Clear,1071.4,153.6,145.0,29.6,1.5,1.5,418.5,0,0,0,0,1,0,0,0,0,1,0,0,0,-0.1099,-0.2723,0.0967,0.826,0.4095
Air India,Airbus A320neo,Overcast,1114.45,101.3,225.0,29.8,13.4,13.4,660.1,0,0,0,0,0,0,1,0,0,1,0,0,0,0.0026,-1.3029,1.6463,0.8607,4.7809
Air India,Airbus A320neo,Rain,1114.45,167.1,69.0,29.7,58.3,58.3,400.2,1,0,0,0,0,0,0,1,0,1,0,0,0,0.0026,-0.0063,-1.3754,0.8434,0.0784
IndiGo,Airbus A320neo,Clear,1456.2,167.1,88.0,20.2,27.3,27.3,522.9,0,0,1,0,0,0,0,0,0,1,0,0,0,0.8958,-0.0063,-1.0074,-0.8064,2.2985
IndiGo,Airbus A321neo,Clear,1330.1,194.3,109.0,14.8,19.4,19.4,410.7,0,0,1,0,0,0,0,0,0,0,1,0,0,0.5662,0.5297,-0.6006,-1.7442,0.2684
Air India,Boeing 737 MAX,Clear,1300.3,212.4,115.0,28.4,8.9,8.9,367.3,0,0,0,0,0,0,0,0,0,0,0,1,0,0.4883,0.8863,-0.4844,0.6176,-0.5169
IndiGo,Airbus A320neo,Clear,1119.9,185.6,114.0,26.1,2.2,2.2,362.0,0,0,1,0,0,0,0,0,0,1,0,0,0,0.0168,0.3582,-0.5037,0.2182,-0.6128
Air India,Airbus A320neo,Clear,1102.8,189.2,228.0,31.0,26.9,26.9,349.7,0,0,0,0,0,0,0,0,0,1,0,0,0,-0.0279,0.4292,1.7044,1.0691,-0.8353
IndiGo,Airbus A320neo,Overcast,1114.45,129.9,173.0,20.8,12.9,12.9,514.8,0,0,1,0,0,0,1,0,0,1,0,0,0,0.0026,-0.7393,0.6391,-0.7022,2.1519
Akasa Air,Boeing 737 MAX,Overcast,1379.5,206.9,213.0,29.6,9.4,9.4,400.0,0,1,0,0,0,0,1,0,0,0,0,1,0,0.6954,0.7779,1.4139,0.826,0.0748
Akasa Air,Boeing 737 MAX,Overcast,1268.4,174.0,139.0,24.843568464730286,24.7,24.7,437.4,0,1,0,0,0,0,1,0,0,0,0,1,0,0.405,0.1297,-0.0195,-0.0,0.7515
SpiceJet,Airbus A321neo,Clear,1114.45,207.7,204.0,24.4,1.5,1.5,321.9,0,0,0,1,0,0,0,0,0,0,1,0,0,0.0026,0.7937,1.2396,-0.077,-1.3383
Air India,Boeing 737 MAX,Rain,889.6,126.9,179.0,27.5,34.0,34.0,420.6,1,0,0,0,0,0,0,1,0,0,0,1,0,-0.5851,-0.7984,0.7553,0.4613,0.4475
IndiGo,Boeing 787 Dreamliner,Clear,300.0,62.2,208.0,27.3,6.7,6.7,289.4,0,0,1,0,0,0,0,0,0,0,0,0,1,-2.1261,-2.0733,1.317,0.4266,-1.9263
Vistara,Airbus A321neo,Fog,1538.9,214.2,106.0,20.1,44.9,44.9,431.1,1,0,0,0,1,1,0,0,0,0,1,0,0,1.112,0.9218,-0.6587,-0.8238,0.6375
SpiceJet,Airbus A320neo,Overcast,908.5,135.2,127.0,28.2,77.3,77.3,403.2,1,0,0,1,0,0,1,0,0,1,0,0,0,-0.5357,-0.6349,-0.2519,0.5829,0.1327
IndiGo,Airbus A321neo,Clear,754.9,112.3,139.0,34.7,2.8,2.8,403.3,0,0,1,0,0,0,0,0,0,0,1,0,0,-0.9372,-1.0861,-0.0195,1.7117,0.1345
Vistara,Airbus A320neo,Overcast,1114.45,197.6,64.0,25.1,14.3,14.3,338.4,0,0,0,0,1,0,1,0,0,1,0,0,0,0.0026,0.5947,-1.4722,0.0445,-1.0398
Vistara,ATR 72,Clear,1114.45,140.4,61.0,16.2,2.3,2.3,476.3,0,0,0,0,1,0,0,0,0,0,0,0,0,0.0026,-0.5324,-1.5303,-1.5011,1.4553
Vistara,Airbus A320neo,Overcast,1524.0,217.7,150.0,20.9,25.7,25.7,420.0,0,0,0,0,1,0,1,0,0,1,0,0,0,1.073,0.9908,0.1936,-0.6849,0.4367
SpiceJet,Airbus A321neo,Clear,1346.8,207.9,205.0,14.3,12.7,12.7,388.7,0,0,0,1,0,0,0,0,0,0,1,0,0,0.6099,0.7976,1.2589,-1.831,-0.1297
Air India,Airbus A321neo,Clear,1373.4,192.1,133.0,32.7,21.7,21.7,429.0,0,0,0,0,0,0,0,0,0,0,1,0,0,0.6794,0.4863,-0.1357,1.3644,0.5995
Air India,ATR 72,Rain,553.6,96.0,174.0,29.6,19.1,19.1,346.0,0,0,0,0,0,0,0,1,0,0,0,0,0,-1.4633,-1.4073,0.6585,0.826,-0.9022
Vistara,ATR 72,Clear,1584.8,243.5,152.0,22.0,10.5,10.5,390.5,0,0,0,0,1,0,0,0,0,0,0,0,0,1.232,1.4991,0.2323,-0.4938,-0.0971
Vistara,Airbus A320neo,Rain,1204.5,175.5,73.0,16.5,37.7,37.7,411.8,1,0,0,0,1,0,0,1,0,1,0,0,0,0.238,0.1592,-1.2979,-1.449,0.2883
IndiGo,Airbus A320neo,Clear,1114.45,139.8,198.0,20.0,35.7,35.7,478.3,1,0,1,0,0,0,0,0,0,1,0,0,0,0.0026,-0.5443,1.1233,-0.8411,1.4915
IndiGo,Airbus A320neo,Overcast,1157.4,172.0,187.0,24.843568464730286,51.3,51.3,403.7,1,0,1,0,0,0,1,0,0,1,0,0,0,0.1149,0.0902,0.9103,-0.0,0.1417
IndiGo,Airbus A320neo,Overcast,389.5,83.7,159.0,25.7,11.5,11.5,279.2,0,0,1,0,0,0,1,0,0,1,0,0,0,-1.8922,-1.6497,0.3679,0.1487,-2.1109
Vistara,Boeing 737 MAX,Clear,1263.5,190.4,127.0,25.5,13.4,13.4,398.2,0,0,0,0,1,0,0,0,0,0,0,1,0,0.3922,0.4528,-0.2519,0.114,0.0422
Akasa Air,Airbus A320neo,Clear,688.3,106.5,150.0,33.0,50.1,50.1,387.8,1,1,0,0,0,0,0,0,0,1,0,0,0,-1.1112,-1.2004,0.1936,1.4165,-0.1459
IndiGo,Boeing 787 Dreamliner,Clear,558.9,99.4,195.0,20.8,10.1,10.1,337.4,0,0,1,0,0,0,0,0,0,0,0,0,1,-1.4495,-1.3403,1.0652,-0.7022,-1.0579
Air India,Boeing 737 MAX,Clear,491.1,74.5,191.0,16.0,37.3,37.3,395.5,1,0,0,0,0,0,0,0,0,0,0,1,0,-1.6267,-1.831,0.9877,-1.5358,-0.0066
IndiGo,ATR 72,Clear,1545.1,232.8,211.0,18.1,8.6,8.6,398.2,0,0,1,0,0,0,0,0,0,0,0,0,0,1.1282,1.2883,1.3751,-1.1711,0.0422
Akasa Air,Airbus A320neo,Overcast,848.3,137.2,177.0,24.9,48.9,48.9,371.0,1,1,0,0,0,0,1,0,0,1,0,0,0,-0.693,-0.5955,0.7166,0.0098,-0.4499
Vistara,Airbus A321neo,Thunderstorm,1713.5,245.4,107.0,20.6,89.0,89.0,418.9,1,0,0,0,1,0,0,0,1,0,1,0,0,1.5683,1.5366,-0.6393,-0.737,0.4168
Vistara,Airbus A321neo,Thunderstorm,885.7,129.7,125.0,23.2,110.1,95.36250000000001,409.7,1,0,0,0,1,0,0,0,1,0,1,0,0,-0.5953,-0.7433,-0.2907,-0.2854,0.2503
Air India,Boeing 737 MAX,Rain,417.1,66.7,199.0,22.3,46.0,46.0,375.2,1,0,0,0,0,0,0,1,0,0,0,1,0,-1.8201,-1.9847,1.1427,-0.4417,-0.3739
Air India,Boeing 737 MAX,Rain,653.4,112.5,85.0,30.9,33.8,33.8,348.5,1,0,0,0,0,0,0,1,0,0,0,1,0,-1.2025,-1.0822,-1.0655,1.0518,-0.857
IndiGo,ATR 72,Overcast,1594.3,244.9,222.0,21.5,55.5,55.5,390.6,1,0,1,0,0,0,1,0,0,0,0,0,0,1.2568,1.5267,1.5882,-0.5807,-0.0953
IndiGo,Airbus A320neo,Clear,1037.6,167.1,213.0,22.7,13.4,13.4,372.6,0,0,1,0,0,0,0,0,0,1,0,0,0,-0.1983,-0.0063,1.4139,-0.3723,-0.421
Vistara,Boeing 737 MAX,Thunderstorm,880.7,142.0,71.0,29.3,60.4,60.4,372.1,1,0,0,0,1,0,0,0,1,0,0,1,0,-0.6084,-0.5009,-1.3366,0.7739,-0.43
Vistara,Airbus A320neo,Overcast,1164.0,154.3,176.0,21.6,18.1,18.1,452.6,0,0,0,0,1,0,1,0,0,1,0,0,0,0.1321,-0.2585,0.6972,-0.5633,1.0265
Akasa Air,Airbus A320neo,Overcast,1300.7,187.6,129.0,27.5,21.4,21.4,416.0,0,1,0,0,0,0,1,0,0,1,0,0,0,0.4894,0.3976,-0.2132,0.4613,0.3643
Akasa Air,Airbus A320neo,Clear,1547.0,226.0,149.0,27.0,53.1,53.1,410.7,1,1,0,0,0,0,0,0,0,1,0,0,0,1.1332,1.1543,0.1742,0.3745,0.2684
Air India,Airbus A320neo,Clear,1679.4,234.8,139.0,25.9,0.3,0.3,429.1,0,0,0,0,0,0,0,0,0,1,0,0,0,1.4792,1.3277,-0.0195,0.1835,0.6013
SpiceJet,Airbus A320neo,Clear,956.1,138.1,210.0,18.2,29.5,29.5,415.4,0,0,0,1,0,0,0,0,0,1,0,0,0,-0.4113,-0.5777,1.3558,-1.1537,0.3534
Vistara,Airbus A320neo,Rain,569.6,89.3,222.0,32.4,48.6,48.6,382.7,1,0,0,0,1,0,0,1,0,1,0,0,0,-1.4215,-1.5393,1.5882,1.3123,-0.2382
Vistara,Boeing 787 Dreamliner,Clear,934.6,147.5,213.0,38.3,0.0,0.0,380.2,0,0,0,0,1,0,0,0,0,0,0,0,1,-0.4675,-0.3925,1.4139,2.3369,-0.2835
IndiGo,Boeing 737 MAX,Clear,1204.1,178.7,197.0,25.1,13.1,13.1,404.3,0,0,1,0,0,0,0,0,0,0,0,1,0,0.2369,0.2223,1.104,0.0445,0.1526
Air India,Boeing 787 Dreamliner,Fog,714.5,92.9,67.0,18.7,50.3,50.3,461.5,1,0,0,0,0,1,0,0,0,0,0,0,1,-1.0428,-1.4684,-1.4141,-1.0669,1.1875
IndiGo,Airbus A320neo,Clear,1114.45,94.4,87.0,25.2,5.3,5.3,708.3,0,0,1,0,0,0,0,0,0,1,0,0,0,0.0026,-1.4389,-1.0267,0.0619,5.653
Akasa Air,Airbus A320neo,Clear,1237.5,178.9,200.0,30.9,74.4,74.4,415.0,1,1,0,0,0,0,0,0,0,1,0,0,0,0.3242,0.2262,1.1621,1.0518,0.3462
Air India,Boeing 737 MAX,Clear,1114.45,168.6,158.0,21.3,22.1,22.1,396.6,0,0,0,0,0,0,0,0,0,0,0,1,0,0.0026,0.0232,0.3485,-0.6154,0.0133
IndiGo,Airbus A320neo,Overcast,1113.1,140.9,172.0,24.2,23.0,23.0,474.0,0,0,1,0,0,0,1,0,0,1,0,0,0,-0.0009,-0.5226,0.6197,-0.1118,1.4137
SpiceJet,Airbus A320neo,Thunderstorm,796.6,121.2,193.0,27.0,132.0,95.36250000000001,394.4,1,0,0,1,0,0,0,0,1,1,0,0,0,-0.8282,-0.9108,1.0265,0.3745,-0.0265
Air India,Boeing 737 MAX,Clear,1007.8,149.1,198.0,32.2,15.8,15.8,405.6,0,0,0,0,0,0,0,0,0,0,0,1,0,-0.2762,-0.361,1.1233,1.2775,0.1761
IndiGo,Airbus A320neo,Rain,730.3,131.3,153.0,29.7,47.0,47.0,333.7,1,0,1,0,0,0,0,1,0,1,0,0,0,-1.0015,-0.7117,0.2517,0.8434,-1.1248
IndiGo,Boeing 737 MAX,Clear,1456.1,210.3,189.0,29.9,11.7,11.7,415.4,0,0,1,0,0,0,0,0,0,0,0,1,0,0.8956,0.8449,0.949,0.8781,0.3534
SpiceJet,Boeing 737 MAX,Thunderstorm,1514.1,225.7,193.0,22.4,95.1,95.1,402.5,1,0,0,1,0,0,0,0,1,0,0,1,0,1.0472,1.1484,1.0265,-0.4244,0.12
Air India,Airbus A320neo,Rain,361.5,167.1,130.0,27.4,32.1,32.1,129.8,1,0,0,0,0,0,0,1,0,1,0,0,0,-1.9654,-0.0063,-0.1938,0.444,-4.814
SpiceJet,Airbus A320neo,Rain,728.2,95.8,136.0,20.7,72.0,72.0,456.1,1,0,0,1,0,0,0,1,0,1,0,0,0,-1.007,-1.4113,-0.0776,-0.7196,1.0898
Air India,ATR 72,Clear,501.4,94.5,191.0,30.1,12.6,12.6,318.3,0,0,0,0,0,0,0,0,0,0,0,0,0,-1.5997,-1.4369,0.9877,0.9128,-1.4034
Vistara,Boeing 737 MAX,Fog,840.0,134.2,110.0,31.9,44.1,44.1,375.6,1,0,0,0,1,1,0,0,0,0,0,1,0,-0.7147,-0.6546,-0.5812,1.2254,-0.3667
Air India,Airbus A320neo,Overcast,1066.6,167.3,95.0,28.3,29.2,29.2,382.5,0,0,0,0,0,0,1,0,0,1,0,0,0,-0.1225,-0.0024,-0.8718,0.6003,-0.2418
Air India,Boeing 787 Dreamliner,Clear,520.1,128.6,81.0,22.8,11.2,11.2,242.7,0,0,0,0,0,0,0,0,0,0,0,0,1,-1.5509,-0.7649,-1.1429,-0.3549,-2.7713
Vistara,Airbus A320neo,Rain,731.3,96.7,64.0,23.8,38.4,38.4,453.8,1,0,0,0,1,0,0,1,0,1,0,0,0,-0.9989,-1.3935,-1.4722,-0.1812,1.0482
Air India,Boeing 737 MAX,Clear,698.4,130.4,93.0,35.8,6.4,6.4,321.3,0,0,0,0,0,0,0,0,0,0,0,1,0,-1.0848,-0.7295,-0.9105,1.9027,-1.3492
IndiGo,Boeing 787 Dreamliner,Thunderstorm,1182.9,174.8,194.0,22.9,85.5,85.5,406.0,1,0,1,0,0,0,0,0,1,0,0,0,1,0.1815,0.1454,1.0459,-0.3375,0.1834
IndiGo,Airbus A320neo,Clear,1127.7,173.2,218.0,31.3,5.1,5.1,390.7,0,0,1,0,0,0,0,0,0,1,0,0,0,0.0372,0.1139,1.5107,1.1212,-0.0935
SpiceJet,Airbus A320neo,Overcast,811.3,127.7,103.0,27.0,6.1,6.1,381.2,0,0,0,1,0,0,1,0,0,1,0,0,0,-0.7898,-0.7827,-0.7168,0.3745,-0.2654
Air India,Airbus A320neo,Clear,1170.7,171.9,93.0,23.0,10.7,10.7,408.6,0,0,0,0,0,0,0,0,0,1,0,0,0,0.1496,0.0883,-0.9105,-0.3202,0.2304
SpiceJet,Airbus A320neo,Clear,881.3,131.8,147.0,16.9,9.6,9.6,401.2,0,0,0,1,0,0,0,0,0,1,0,0,0,-0.6068,-0.7019,0.1355,-1.3795,0.0965
IndiGo,Airbus A320neo,Clear,991.3,155.5,54.0,26.3,4.9,4.9,382.5,0,0,1,0,0,0,0,0,0,1,0,0,0,-0.3193,-0.2349,-1.6659,0.2529,-0.2418
IndiGo,Boeing 737 MAX,Clear,1769.4,240.7,158.0,25.5,5.4,5.4,441.1,0,0,1,0,0,0,0,0,0,0,0,1,0,1.7144,1.444,0.3485,0.114,0.8184
IndiGo,Airbus A320neo,Clear,1636.2,245.7,76.0,35.8,4.9,4.9,399.6,0,0,1,0,0,0,0,0,0,1,0,0,0,1.3663,1.5425,-1.2398,1.9027,0.0676
IndiGo,Boeing 737 MAX,Clear,580.2,93.2,165.0,19.8,0.0,0.0,373.5,0,0,1,0,0,0,0,0,0,0,0,1,0,-1.3938,-1.4625,0.4841,-0.8759,-0.4047
Air India,Boeing 787 Dreamliner,Overcast,1431.9,199.6,136.0,38.8,18.3,18.3,430.4,0,0,0,0,0,0,1,0,0,0,0,0,1,0.8323,0.6341,-0.0776,2.4237,0.6248
IndiGo,ATR 72,Clear,1424.6,205.4,153.0,27.3,36.6,36.6,416.1,1,0,1,0,0,0,0,0,0,0,0,0,0,0.8132,0.7484,0.2517,0.4266,0.3661
Air India,Boeing 737 MAX,Clear,640.7,118.0,172.0,27.3,8.8,8.8,325.8,0,0,0,0,0,0,0,0,0,0,0,1,0,-1.2357,-0.9738,0.6197,0.4266,-1.2677
Vistara,Airbus A320neo,Overcast,1114.45,205.0,128.0,21.4,20.1,20.1,326.2,0,0,0,0,1,0,1,0,0,1,0,0,0,0.0026,0.7405,-0.2326,-0.598,-1.2605
IndiGo,Boeing 737 MAX,Clear,1715.2,252.3,139.0,26.9,16.4,16.4,407.9,0,0,1,0,0,0,0,0,0,0,0,1,0,1.5728,1.6725,-0.0195,0.3571,0.2177
Air India,Boeing 737 MAX,Thunderstorm,651.0,99.5,146.0,27.8,69.9,69.9,392.6,1,0,0,0,0,0,0,0,1,0,0,1,0,-1.2087,-1.3384,0.1161,0.5134,-0.0591
SpiceJet,Airbus A320neo,Rain,733.0,125.3,80.0,30.6,47.3,47.3,351.0,1,0,0,1,0,0,0,1,0,1,0,0,0,-0.9944,-0.83,-1.1623,0.9997,-0.8118
IndiGo,Airbus A320neo,Overcast,1507.1,227.8,148.0,19.1,8.6,8.6,397.0,0,0,1,0,0,0,1,0,0,1,0,0,0,1.0289,1.1898,0.1548,-0.9974,0.0205
Air India,Airbus A321neo,Overcast,1208.6,199.6,66.0,33.4,16.2,16.2,363.3,0,0,0,0,0,0,1,0,0,0,1,0,0,0.2487,0.6341,-1.4335,1.4859,-0.5892
Vistara,Airbus A320neo,Thunderstorm,1320.6,194.3,132.0,27.2,58.4,58.4,407.8,1,0,0,0,1,0,0,0,1,1,0,0,0,0.5414,0.5297,-0.1551,0.4092,0.2159
Vistara,Airbus A320neo,Clear,1236.2,191.5,159.0,28.6,20.3,20.3,387.3,0,0,0,0,1,0,0,0,0,1,0,0,0,0.3208,0.4745,0.3679,0.6524,-0.155
IndiGo,Airbus A320neo,Clear,1256.3,188.5,81.0,23.7,23.1,23.1,399.9,0,0,1,0,0,0,0,0,0,1,0,0,0,0.3733,0.4154,-1.1429,-0.1986,0.073
Vistara,Airbus A320neo,Clear,569.4,167.1,217.0,19.4,1.4,1.4,204.5,0,0,0,0,1,0,0,0,0,1,0,0,0,-1.422,-0.0063,1.4914,-0.9453,-3.4625
Air India,ATR 72,Rain,1518.9,215.3,190.0,25.4,39.4,39.4,423.3,1,0,0,0,0,0,0,1,0,0,0,0,0,1.0597,0.9435,0.9684,0.0966,0.4964
IndiGo,Boeing 737 MAX,Clear,1567.8,236.5,84.0,26.1,69.5,69.5,397.8,1,0,1,0,0,0,0,0,0,0,0,1,0,1.1875,1.3612,-1.0848,0.2182,0.035
Air India,ATR 72,Overcast,1008.2,152.5,182.0,16.7,23.7,23.7,396.7,0,0,0,0,0,0,1,0,0,0,0,0,0,-0.2751,-0.294,0.8134,-1.4142,0.0151
Akasa Air,Airbus A320neo,Fog,1082.6,163.7,78.0,29.8,55.2,55.2,396.8,1,1,0,0,0,1,0,0,0,1,0,0,0,-0.0807,-0.0733,-1.2011,0.8607,0.0169
Air India,Airbus A320neo,Rain,487.6,85.9,119.0,31.0,64.5,64.5,340.6,1,0,0,0,0,0,0,1,0,1,0,0,0,-1.6358,-1.6063,-0.4069,1.0691,-1.0
IndiGo,Boeing 737 MAX,Clear,1305.7,196.6,139.0,20.6,25.5,25.5,398.5,0,0,1,0,0,0,0,0,0,0,0,1,0,0.5025,0.575,-0.0195,-0.737,0.0477
Air India,Airbus A320neo,Clear,1328.8,196.0,144.0,18.9,22.5,22.5,406.8,0,0,0,0,0,0,0,0,0,1,0,0,0,0.5628,0.5632,0.0774,-1.0322,0.1978
IndiGo,Airbus A320neo,Rain,1075.1,165.5,71.0,23.2,46.9,46.9,389.8,1,0,1,0,0,0,0,1,0,1,0,0,0,-0.1003,-0.0378,-1.3366,-0.2854,-0.1098
IndiGo,ATR 72,Overcast,1549.7,242.4,222.0,25.1,40.0,40.0,383.6,1,0,1,0,0,0,1,0,0,0,0,0,0,1.1402,1.4775,1.5882,0.0445,-0.2219
IndiGo,Airbus A320neo,Clear,966.4,158.7,118.0,23.4,7.9,7.9,365.4,0,0,1,0,0,0,0,0,0,1,0,0,0,-0.3844,-0.1718,-0.4263,-0.2507,-0.5512
IndiGo,Boeing 737 MAX,Clear,1325.8,205.5,138.0,24.843568464730286,12.3,12.3,387.1,0,0,1,0,0,0,0,0,0,0,0,1,0,0.555,0.7504,-0.0389,-0.0,-0.1586
IndiGo,Airbus A320neo,Thunderstorm,692.1,107.7,121.0,26.3,68.8,68.8,385.6,1,0,1,0,0,0,0,0,1,1,0,0,0,-1.1013,-1.1768,-0.3681,0.2529,-0.1858
IndiGo,Airbus A320neo,Overcast,1090.6,156.5,178.0,16.8,73.0,73.0,418.1,1,0,1,0,0,0,1,0,0,1,0,0,0,-0.0597,-0.2152,0.7359,-1.3969,0.4023
Air India,Airbus A320neo,Clear,1030.3,166.9,221.0,17.5,46.0,46.0,370.4,1,0,0,0,0,0,0,0,0,1,0,0,0,-0.2174,-0.0103,1.5688,-1.2753,-0.4608
IndiGo,Boeing 787 Dreamliner,Thunderstorm,1190.1,187.4,136.0,10.0,68.4,68.4,381.0,1,0,1,0,0,0,0,0,1,0,0,0,1,0.2003,0.3937,-0.0776,-2.5778,-0.269
IndiGo,ATR 72,Overcast,952.2,161.7,145.0,30.7,39.2,39.2,353.3,1,0,1,0,0,0,1,0,0,0,0,0,0,-0.4215,-0.1127,0.0967,1.017,-0.7702
Vistara,Boeing 787 Dreamliner,Clear,1047.4,153.6,124.0,25.1,16.4,16.4,409.1,0,0,0,0,1,0,0,0,0,0,0,0,1,-0.1727,-0.2723,-0.31,0.0445,0.2394
Air India,Boeing 737 MAX,Clear,1430.4,208.4,216.0,31.3,2.4,2.4,411.8,0,0,0,0,0,0,0,0,0,0,0,1,0,0.8284,0.8075,1.472,1.1212,0.2883
SpiceJet,Airbus A320neo,Clear,925.3,127.0,103.0,18.2,23.0,23.0,437.1,0,0,0,1,0,0,0,0,0,1,0,0,0,-0.4918,-0.7965,-0.7168,-1.1537,0.7461
IndiGo,Boeing 737 MAX,Clear,457.4,77.1,137.0,25.1,2.3,2.3,356.0,0,0,1,0,0,0,0,0,0,0,0,1,0,-1.7147,-1.7797,-0.0582,0.0445,-0.7213
IndiGo,Boeing 737 MAX,Rain,1799.8,269.9,206.0,26.3,57.0,57.0,400.1,1,0,1,0,0,0,0,1,0,0,0,1,0,1.7939,2.0193,1.2783,0.2529,0.0766
IndiGo,ATR 72,Overcast,1652.6,235.7,103.0,21.6,18.3,18.3,420.7,0,0,1,0,0,0,1,0,0,0,0,0,0,1.4092,1.3454,-0.7168,-0.5633,0.4493
IndiGo,Airbus A320neo,Thunderstorm,583.1,104.2,65.0,15.7,87.9,87.9,335.8,1,0,1,0,0,0,0,0,1,1,0,0,0,-1.3862,-1.2457,-1.4529,-1.5879,-1.0868
IndiGo,Boeing 737 MAX,Clear,1375.9,201.5,148.0,35.5,11.3,11.3,409.7,0,0,1,0,0,0,0,0,0,0,0,1,0,0.6859,0.6715,0.1548,1.8506,0.2503
IndiGo,Airbus A320neo,Overcast,898.8,143.1,69.0,33.4,1.6,1.6,376.9,0,0,1,0,0,0,1,0,0,1,0,0,0,-0.5611,-0.4792,-1.3754,1.4859,-0.3432
IndiGo,Airbus A320neo,Overcast,1205.4,169.2,95.0,22.7,75.0,75.0,427.4,1,0,1,0,0,0,1,0,0,1,0,0,0,0.2403,0.0351,-0.8718,-0.3723,0.5705
IndiGo,Boeing 737 MAX,Overcast,1217.7,183.2,176.0,28.1,11.7,11.7,398.8,0,0,1,0,0,0,1,0,0,0,0,1,0,0.2725,0.3109,0.6972,0.5655,0.0531
Air India,Boeing 737 MAX,Overcast,1006.2,124.2,107.0,22.1,11.3,11.3,486.1,0,0,0,0,0,0,1,0,0,0,0,1,0,-0.2803,-0.8516,-0.6393,-0.4765,1.6326
IndiGo,Airbus A320neo,Clear,786.5,123.0,160.0,19.0,10.1,10.1,383.7,0,0,1,0,0,0,0,0,0,1,0,0,0,-0.8546,-0.8753,0.3873,-1.0148,-0.2201
IndiGo,Airbus A320neo,Clear,823.8,113.5,178.0,36.0,40.3,40.3,435.5,1,0,1,0,0,0,0,0,0,1,0,0,0,-0.7571,-1.0625,0.7359,1.9375,0.7171
Air India,Boeing 737 MAX,Clear,733.5,167.1,130.0,15.1,3.7,3.7,263.4,0,0,0,0,0,0,0,0,0,0,0,1,0,-0.9931,-0.0063,-0.1938,-1.6921,-2.3968
SpiceJet,ATR 72,Clear,767.3,130.1,206.0,23.3,5.9,5.9,353.9,0,0,0,1,0,0,0,0,0,0,0,0,0,-0.9048,-0.7354,1.2783,-0.2681,-0.7593
IndiGo,Airbus A321neo,Clear,1073.1,167.1,133.0,25.5,0.0,0.0,385.3,0,0,1,0,0,0,0,0,0,0,1,0,0,-0.1055,-0.0063,-0.1357,0.114,-0.1912
SpiceJet,Boeing 787 Dreamliner,Overcast,813.7,143.7,119.0,34.9,22.7,22.7,339.7,0,0,0,1,0,0,1,0,0,0,0,0,1,-0.7835,-0.4674,-0.4069,1.7464,-1.0162
Air India,ATR 72,Fog,1372.8,193.6,57.0,24.843568464730286,71.1,71.1,425.5,1,0,0,0,0,1,0,0,0,0,0,0,0,0.6778,0.5159,-1.6078,-0.0,0.5362
IndiGo,Airbus A320neo,Overcast,1694.9,263.5,78.0,15.0,16.5,16.5,385.9,0,0,1,0,0,0,1,0,0,1,0,0,0,1.5197,1.8932,-1.2011,-1.7095,-0.1803
Vistara,Boeing 737 MAX,Overcast,868.0,145.1,161.0,25.0,17.9,17.9,358.9,0,0,0,0,1,0,1,0,0,0,0,1,0,-0.6416,-0.4398,0.4067,0.0272,-0.6688
Vistara,Airbus A320neo,Clear,1195.8,177.1,228.0,25.1,0.3,0.3,405.1,0,0,0,0,1,0,0,0,0,1,0,0,0,0.2152,0.1907,1.7044,0.0445,0.1671
IndiGo,Airbus A320neo,Overcast,1299.9,204.7,210.0,23.6,20.6,20.6,381.0,0,0,1,0,0,0,1,0,0,1,0,0,0,0.4873,0.7346,1.3558,-0.216,-0.269
IndiGo,ATR 72,Clear,1288.8,180.8,180.0,28.7,48.6,48.6,427.7,1,0,1,0,0,0,0,0,0,0,0,0,0,0.4583,0.2636,0.7747,0.6697,0.576
Vistara,Airbus A320neo,Clear,1130.4,162.5,212.0,16.5,10.9,10.9,417.4,0,0,0,0,1,0,0,0,0,1,0,0,0,0.0443,-0.097,1.3945,-1.449,0.3896
SpiceJet,Airbus A321neo,Clear,1397.1,200.2,157.0,22.5,76.9,76.9,418.7,1,0,0,1,0,0,0,0,0,0,1,0,0,0.7414,0.6459,0.3292,-0.407,0.4131
IndiGo,Boeing 737 MAX,Clear,1292.9,187.1,158.0,27.9,5.2,5.2,414.6,0,0,1,0,0,0,0,0,0,0,0,1,0,0.469,0.3878,0.3485,0.5308,0.339
IndiGo,Boeing 737 MAX,Clear,604.9,90.1,69.0,24.843568464730286,5.6,5.6,402.8,0,0,1,0,0,0,0,0,0,0,0,1,0,-1.3292,-1.5236,-1.3754,-0.0,0.1255
IndiGo,Boeing 737 MAX,Clear,1447.7,225.3,122.0,24.843568464730286,43.1,43.1,385.5,1,0,1,0,0,0,0,0,0,0,0,1,0,0.8736,1.1405,-0.3488,-0.0,-0.1876
Air India,Airbus A321neo,Clear,1454.9,211.4,216.0,23.3,4.5,4.5,412.9,0,0,0,0,0,0,0,0,0,0,1,0,0,0.8924,0.8666,1.472,-0.2681,0.3082
Air India,Boeing 737 MAX,Fog,794.7,129.5,139.0,24.3,65.7,65.7,368.2,1,0,0,0,0,1,0,0,0,0,0,1,0,-0.8331,-0.7472,-0.0195,-0.0944,-0.5006
IndiGo,Boeing 737 MAX,Clear,1115.2,163.0,68.0,29.4,80.1,80.1,410.5,1,0,1,0,0,0,0,0,0,0,0,1,0,0.0046,-0.0871,-1.3948,0.7913,0.2648
Air India,Airbus A320neo,Clear,1373.3,184.9,151.0,25.2,3.9,3.9,445.6,0,0,0,0,0,0,0,0,0,1,0,0,0,0.6792,0.3444,0.213,0.0619,0.8998
SpiceJet,Boeing 737 MAX,Clear,1016.3,158.2,222.0,18.7,0.0,0.0,385.4,0,0,0,1,0,0,0,0,0,0,0,1,0,-0.2539,-0.1817,1.5882,-1.0669,-0.1894
IndiGo,Airbus A320neo,Overcast,1529.2,204.8,220.0,17.6,25.0,25.0,448.0,0,0,1,0,0,0,1,0,0,1,0,0,0,1.0866,0.7366,1.5495,-1.2579,0.9433
IndiGo,Boeing 737 MAX,Clear,2045.5,292.0,190.0,16.1,15.7,15.7,420.3,0,0,1,0,0,0,0,0,0,0,0,1,0,2.4361,2.4548,0.9684,-1.5184,0.4421
SpiceJet,Boeing 737 MAX,Clear,785.6,111.1,190.0,33.7,0.0,0.0,424.3,0,0,0,1,0,0,0,0,0,0,0,1,0,-0.8569,-1.1098,0.9684,1.538,0.5145
Vistara,Boeing 737 MAX,Clear,547.6,112.9,135.0,29.8,0.4,0.4,291.0,0,0,0,0,1,0,0,0,0,0,0,1,0,-1.479,-1.0743,-0.097,0.8607,-1.8974
Air India,Airbus A320neo,Clear,1221.5,192.0,101.0,24.4,0.0,0.0,381.7,0,0,0,0,0,0,0,0,0,1,0,0,0,0.2824,0.4843,-0.7555,-0.077,-0.2563
Air India,Airbus A320neo,Clear,1388.6,206.2,160.0,22.3,33.4,33.4,404.1,1,0,0,0,0,0,0,0,0,1,0,0,0,0.7191,0.7641,0.3873,-0.4417,0.149
IndiGo,Boeing 737 MAX,Clear,1007.7,167.0,158.0,21.6,2.6,2.6,362.0,0,0,1,0,0,0,0,0,0,0,0,1,0,-0.2764,-0.0083,0.3485,-0.5633,-0.6128
Air India,Airbus A320neo,Clear,1681.3,235.7,135.0,31.6,12.2,12.2,428.0,0,0,0,0,0,0,0,0,0,1,0,0,0,1.4842,1.3454,-0.097,1.1733,0.5814
Air India,Airbus A320neo,Clear,564.6,100.7,92.0,36.4,30.6,30.6,336.4,1,0,0,0,0,0,0,0,0,1,0,0,0,-1.4346,-1.3147,-0.9299,2.0069,-1.0759
IndiGo,Airbus A320neo,Clear,1377.2,205.6,91.0,21.4,7.1,7.1,401.9,0,0,1,0,0,0,0,0,0,1,0,0,0,0.6893,0.7523,-0.9492,-0.598,0.1092
IndiGo,Boeing 787 Dreamliner,Rain,857.7,137.0,139.0,31.8,34.2,34.2,375.6,1,0,1,0,0,0,0,1,0,0,0,0,1,-0.6685,-0.5994,-0.0195,1.2081,-0.3667
IndiGo,Boeing 737 MAX,Overcast,1787.8,167.1,164.0,25.2,30.6,30.6,641.9,1,0,1,0,0,0,1,0,0,0,0,1,0,1.7625,-0.0063,0.4648,0.0619,4.4516
IndiGo,Airbus A320neo,Clear,1897.0,280.3,139.0,23.7,0.0,0.0,406.1,0,0,1,0,0,0,0,0,0,1,0,0,0,2.048,2.2243,-0.0195,-0.1986,0.1852
IndiGo,Airbus A320neo,Clear,793.3,128.7,200.0,34.0,39.0,39.0,369.8,1,0,1,0,0,0,0,0,0,1,0,0,0,-0.8368,-0.763,1.1621,1.5901,-0.4716
IndiGo,Airbus A320neo,Thunderstorm,880.2,120.8,92.0,24.9,99.5,95.36250000000001,437.2,1,0,1,0,0,0,0,0,1,1,0,0,0,-0.6097,-0.9186,-0.9299,0.0098,0.7479
IndiGo,ATR 72,Clear,1443.8,202.9,126.0,26.8,3.3,3.3,426.9,0,0,1,0,0,0,0,0,0,0,0,0,0,0.8634,0.6991,-0.2713,0.3398,0.5615
IndiGo,Boeing 737 MAX,Clear,945.1,144.8,205.0,26.5,15.2,15.2,391.6,0,0,1,0,0,0,0,0,0,0,0,1,0,-0.44,-0.4457,1.2589,0.2877,-0.0772
Vistara,Airbus A320neo,Overcast,1081.8,165.2,186.0,15.2,15.8,15.8,392.9,0,0,0,0,1,0,1,0,0,1,0,0,0,-0.0827,-0.0437,0.8909,-1.6747,-0.0537
Air India,Airbus A320neo,Clear,1110.2,156.7,139.0,26.7,10.7,10.7,425.1,0,0,0,0,0,0,0,0,0,1,0,0,0,-0.0085,-0.2112,-0.0195,0.3224,0.5289
SpiceJet,Airbus A320neo,Clear,332.1,88.4,88.0,21.6,38.6,38.6,225.4,1,0,0,1,0,0,0,0,0,1,0,0,0,-2.0422,-1.5571,-1.0074,-0.5633,-3.0843
SpiceJet,Boeing 737 MAX,Clear,1094.5,167.1,228.0,16.5,51.5,51.5,393.0,1,0,0,1,0,0,0,0,0,0,0,1,0,-0.0496,-0.0063,1.7044,-1.449,-0.0519
Air India,ATR 72,Thunderstorm,824.1,135.9,61.0,21.9,70.1,70.1,363.8,1,0,0,0,0,0,0,0,1,0,0,0,0,-0.7563,-0.6211,-1.5303,-0.5112,-0.5802
IndiGo,Airbus A320neo,Clear,902.8,141.1,60.0,21.8,11.8,11.8,383.9,0,0,1,0,0,0,0,0,0,1,0,0,0,-0.5506,-0.5186,-1.5497,-0.5286,-0.2165
Air India,Airbus A320neo,Overcast,1677.5,241.5,203.0,31.2,52.7,52.7,416.8,1,0,0,0,0,0,1,0,0,1,0,0,0,1.4742,1.4597,1.2202,1.1039,0.3788
Air India,Airbus A320neo,Fog,597.4,90.1,91.0,18.6,99.9,95.36250000000001,397.8,1,0,0,0,0,1,0,0,0,1,0,0,0,-1.3488,-1.5236,-0.9492,-1.0843,0.035
SpiceJet,Boeing 787 Dreamliner,Clear,1425.3,210.8,204.0,20.3,11.6,11.6,405.7,0,0,0,1,0,0,0,0,0,0,0,0,1,0.8151,0.8548,1.2396,-0.789,0.1779
Air India,Airbus A320neo,Clear,988.4,154.4,60.0,26.4,6.3,6.3,384.1,0,0,0,0,0,0,0,0,0,1,0,0,0,-0.3269,-0.2566,-1.5497,0.2703,-0.2129
IndiGo,ATR 72,Clear,988.1,167.1,87.0,17.0,16.4,16.4,354.8,0,0,1,0,0,0,0,0,0,0,0,0,0,-0.3277,-0.0063,-1.0267,-1.3621,-0.743
IndiGo,Boeing 737 MAX,Clear,1416.1,212.2,147.0,21.0,54.0,54.0,400.4,1,0,1,0,0,0,0,0,0,0,0,1,0,0.791,0.8824,0.1355,-0.6675,0.082
IndiGo,Airbus A320neo,Clear,1236.0,183.2,220.0,15.0,6.2,6.2,404.8,0,0,1,0,0,0,0,0,0,1,0,0,0,0.3203,0.3109,1.5495,-1.7095,0.1616
Air India,Airbus A320neo,Thunderstorm,1328.2,178.0,68.0,30.5,74.0,74.0,447.7,1,0,0,0,0,0,0,0,1,1,0,0,0,0.5613,0.2085,-1.3948,0.9823,0.9378
Air India,Airbus A320neo,Overcast,1487.3,209.7,183.0,23.2,5.2,5.2,425.6,0,0,0,0,0,0,1,0,0,1,0,0,0,0.9771,0.8331,0.8328,-0.2854,0.538
IndiGo,Boeing 737 MAX,Overcast,967.5,144.9,223.0,24.9,11.9,11.9,400.6,0,0,1,0,0,0,1,0,0,0,0,1,0,-0.3815,-0.4438,1.6076,0.0098,0.0856
Akasa Air,ATR 72,Clear,855.1,152.9,165.0,30.5,11.3,11.3,335.6,0,1,0,0,0,0,0,0,0,0,0,0,0,-0.6753,-0.2861,0.4841,0.9823,-1.0904
Air India,Boeing 737 MAX,Rain,665.9,114.4,162.0,20.7,148.7,95.36250000000001,349.2,1,0,0,0,0,0,0,1,0,0,0,1,0,-1.1698,-1.0448,0.426,-0.7196,-0.8443
IndiGo,Boeing 737 MAX,Fog,769.8,109.3,219.0,23.1,32.9,32.9,422.6,1,0,1,0,0,1,0,0,0,0,0,1,0,-0.8982,-1.1452,1.5301,-0.3028,0.4837
IndiGo,Airbus A320neo,Rain,2279.6,328.8,114.0,18.7,34.4,34.4,416.0,1,0,1,0,0,0,0,1,0,1,0,0,0,3.048,3.18,-0.5037,-1.0669,0.3643
IndiGo,Boeing 787 Dreamliner,Clear,1597.9,217.6,139.0,18.6,6.3,6.3,440.6,0,0,1,0,0,0,0,0,0,0,0,0,1,1.2662,0.9888,-0.0195,-1.0843,0.8094
IndiGo,ATR 72,Overcast,559.6,105.4,121.0,19.5,3.4,3.4,318.6,0,0,1,0,0,0,1,0,0,0,0,0,0,-1.4476,-1.2221,-0.3681,-0.928,-1.398
IndiGo,Airbus A320neo,Clear,571.0,91.4,101.0,22.0,11.4,11.4,374.8,0,0,1,0,0,0,0,0,0,1,0,0,0,-1.4178,-1.498,-0.7555,-0.4938,-0.3812
IndiGo,Boeing 787 Dreamliner,Clear,1292.7,191.4,167.0,22.7,6.6,6.6,405.2,0,0,1,0,0,0,0,0,0,0,0,0,1,0.4685,0.4725,0.5229,-0.3723,0.1689
IndiGo,Boeing 737 MAX,Clear,1318.9,209.1,224.0,26.7,9.0,9.0,378.5,0,0,1,0,0,0,0,0,0,0,0,1,0,0.537,0.8213,1.627,0.3224,-0.3142
IndiGo,Boeing 737 MAX,Overcast,1319.6,183.1,169.0,19.7,16.5,16.5,432.4,0,0,1,0,0,0,1,0,0,0,0,1,0,0.5388,0.309,0.5616,-0.8932,0.661
Vistara,Boeing 737 MAX,Overcast,998.0,139.1,56.0,26.9,10.3,10.3,430.5,0,0,0,0,1,0,1,0,0,0,0,1,0,-0.3018,-0.558,-1.6272,0.3571,0.6266
IndiGo,ATR 72,Clear,1049.8,154.1,60.0,27.9,11.7,11.7,408.7,0,0,1,0,0,0,0,0,0,0,0,0,0,-0.1664,-0.2625,-1.5497,0.5308,0.2322
Air India,Boeing 737 MAX,Clear,1231.2,194.5,152.0,22.2,69.0,69.0,379.8,1,0,0,0,0,0,0,0,0,0,0,1,0,0.3077,0.5336,0.2323,-0.4591,-0.2907
Air India,Airbus A320neo,Clear,1134.4,156.1,110.0,20.2,46.2,46.2,436.0,1,0,0,0,0,0,0,0,0,1,0,0,0,0.0547,-0.2231,-0.5812,-0.8064,0.7261
Akasa Air,Airbus A320neo,Clear,300.0,45.0,117.0,25.5,3.4,3.4,400.0,0,1,0,0,0,0,0,0,0,1,0,0,0,-2.1261,-2.4123,-0.4456,0.114,0.0748
IndiGo,Airbus A321neo,Clear,1008.1,149.9,202.0,23.8,19.7,19.7,403.5,0,0,1,0,0,0,0,0,0,0,1,0,0,-0.2754,-0.3452,1.2008,-0.1812,0.1381
IndiGo,Airbus A320neo,Clear,759.4,126.8,189.0,26.3,48.9,48.9,359.3,1,0,1,0,0,0,0,0,0,1,0,0,0,-0.9254,-0.8004,0.949,0.2529,-0.6616
Akasa Air,Airbus A320neo,Rain,1170.1,188.0,203.0,24.843568464730286,21.7,21.7,373.4,0,1,0,0,0,0,0,1,0,1,0,0,0,0.148,0.4055,1.2202,-0.0,-0.4065
Vistara,Airbus A320neo,Clear,2294.1,321.2,151.0,25.4,26.2,26.2,428.5,0,0,0,0,1,0,0,0,0,1,0,0,0,3.0859,3.0302,0.213,0.0966,0.5904
Vistara,Airbus A320neo,Clear,1247.0,182.2,159.0,21.2,50.1,50.1,410.6,1,0,0,0,1,0,0,0,0,1,0,0,0,0.349,0.2912,0.3679,-0.6328,0.2666
IndiGo,Boeing 737 MAX,Clear,974.6,161.5,189.0,19.7,0.0,0.0,362.1,0,0,1,0,0,0,0,0,0,0,0,1,0,-0.3629,-0.1167,0.949,-0.8932,-0.6109
IndiGo,Airbus A321neo,Thunderstorm,1468.7,197.1,220.0,19.9,56.8,56.8,447.1,1,0,1,0,0,0,0,0,1,0,1,0,0,0.9285,0.5848,1.5495,-0.8585,0.927
SpiceJet,Airbus A320neo,Overcast,1293.1,188.5,100.0,16.2,57.0,57.0,411.6,1,0,0,1,0,0,1,0,0,1,0,0,0,0.4695,0.4154,-0.7749,-1.5011,0.2847
Vistara,Airbus A320neo,Overcast,1268.0,191.0,166.0,30.6,17.4,17.4,398.3,0,0,0,0,1,0,1,0,0,1,0,0,0,0.4039,0.4646,0.5035,0.9997,0.044
Air India,Airbus A320neo,Clear,1342.7,203.5,214.0,11.6,1.6,1.6,395.9,0,0,0,0,0,0,0,0,0,1,0,0,0,0.5992,0.7109,1.4333,-2.2999,0.0006
Air India,Airbus A321neo,Overcast,1114.45,271.2,95.0,27.9,12.5,12.5,246.6,0,0,0,0,0,0,1,0,0,0,1,0,0,0.0026,2.045,-0.8718,0.5308,-2.7007
IndiGo,Boeing 737 MAX,Clear,647.6,106.7,102.0,19.8,8.2,8.2,364.2,0,0,1,0,0,0,0,0,0,0,0,1,0,-1.2176,-1.1965,-0.7362,-0.8759,-0.573
SpiceJet,Airbus A320neo,Overcast,1289.5,167.1,137.0,21.9,23.8,23.8,463.0,0,0,0,1,0,0,1,0,0,1,0,0,0,0.4601,-0.0063,-0.0582,-0.5112,1.2147
IndiGo,ATR 72,Thunderstorm,729.4,110.7,170.0,19.6,84.4,84.4,395.3,1,0,1,0,0,0,0,0,1,0,0,0,0,-1.0038,-1.1177,0.581,-0.9106,-0.0102
IndiGo,Airbus A321neo,Overcast,1322.2,200.8,62.0,33.7,94.5,94.5,395.1,1,0,1,0,0,0,1,0,0,0,1,0,0,0.5456,0.6577,-1.511,1.538,-0.0139
Air India,ATR 72,Thunderstorm,732.5,107.8,138.0,25.1,70.9,70.9,407.7,1,0,0,0,0,0,0,0,1,0,0,0,0,-0.9957,-1.1748,-0.0389,0.0445,0.2141
Air India,Airbus A321neo,Overcast,933.1,145.0,174.0,29.7,25.3,25.3,386.1,0,0,0,0,0,0,1,0,0,0,1,0,0,-0.4714,-0.4418,0.6585,0.8434,-0.1767
IndiGo,Airbus A320neo,Clear,982.0,155.4,167.0,32.8,10.6,10.6,379.2,0,0,1,0,0,0,0,0,0,1,0,0,0,-0.3436,-0.2369,0.5229,1.3817,-0.3016
IndiGo,ATR 72,Thunderstorm,1490.3,215.3,103.0,26.0,67.4,67.4,415.3,1,0,1,0,0,0,0,0,1,0,0,0,0,0.985,0.9435,-0.7168,0.2008,0.3516
Air India,Boeing 737 MAX,Clear,1467.4,217.4,165.0,17.8,9.6,9.6,405.0,0,0,0,0,0,0,0,0,0,0,0,1,0,0.9251,0.9848,0.4841,-1.2232,0.1653
IndiGo,ATR 72,Clear,1114.45,90.6,167.0,23.7,67.6,67.6,738.0,1,0,1,0,0,0,0,0,0,0,0,0,0,0.0026,-1.5137,0.5229,-0.1986,6.1903
Air India,Boeing 737 MAX,Clear,1122.0,167.5,53.0,20.5,37.5,37.5,401.9,1,0,0,0,0,0,0,0,0,0,0,1,0,0.0223,0.0016,-1.6853,-0.7543,0.1092
IndiGo,ATR 72,Clear,816.2,134.9,124.0,22.0,12.0,12.0,363.0,0,0,1,0,0,0,0,0,0,0,0,0,0,-0.7769,-0.6408,-0.31,-0.4938,-0.5947
Air India,Boeing 737 MAX,Clear,596.6,101.1,98.0,24.4,24.4,24.4,354.1,0,0,0,0,0,0,0,0,0,0,0,1,0,-1.3509,-1.3068,-0.8137,-0.077,-0.7557
Air India,Airbus A320neo,Clear,1013.2,149.2,56.0,24.2,7.1,7.1,407.5,0,0,0,0,0,0,0,0,0,1,0,0,0,-0.262,-0.359,-1.6272,-0.1118,0.2105
IndiGo,Boeing 737 MAX,Clear,976.6,152.5,159.0,27.5,16.9,16.9,384.2,0,0,1,0,0,0,0,0,0,0,0,1,0,-0.3577,-0.294,0.3679,0.4613,-0.2111
IndiGo,Boeing 787 Dreamliner,Overcast,2070.7,167.1,171.0,28.3,29.2,29.2,743.5,0,0,1,0,0,0,1,0,0,0,0,0,1,2.502,-0.0063,0.6004,0.6003,6.2898
IndiGo,Airbus A321neo,Clear,1273.2,169.3,60.0,24.2,10.3,10.3,451.2,0,0,1,0,0,0,0,0,0,0,1,0,0,0.4175,0.037,-1.5497,-0.1118,1.0012
IndiGo,Airbus A320neo,Clear,549.0,104.8,141.0,27.4,81.1,81.1,314.3,1,0,1,0,0,0,0,0,0,1,0,0,0,-1.4753,-1.2339,0.0193,0.444,-1.4758
Akasa Air,Airbus A320neo,Overcast,874.1,133.2,222.0,21.7,25.9,25.9,393.7,0,1,0,0,0,0,1,0,0,1,0,0,0,-0.6256,-0.6743,1.5882,-0.5459,-0.0392
IndiGo,Airbus A320neo,Clear,1508.6,225.4,72.0,32.9,9.0,9.0,401.6,0,0,1,0,0,0,0,0,0,1,0,0,0,1.0328,1.1425,-1.3173,1.3991,0.1037
Vistara,Boeing 737 MAX,Overcast,1935.4,290.0,77.0,21.6,25.7,25.7,400.4,0,0,0,0,1,0,1,0,0,0,0,1,0,2.1483,2.4154,-1.2204,-0.5633,0.082
IndiGo,ATR 72,Overcast,465.6,68.4,160.0,32.2,17.7,17.7,408.4,0,0,1,0,0,0,1,0,0,0,0,0,0,-1.6933,-1.9512,0.3873,1.2775,0.2268
SpiceJet,Airbus A320neo,Rain,348.0,59.3,106.0,16.1,38.6,38.6,352.1,1,0,0,1,0,0,0,1,0,1,0,0,0,-2.0007,-2.1305,-0.6587,-1.5184,-0.7919
SpiceJet,Boeing 737 MAX,Overcast,1848.4,263.6,75.0,22.7,12.9,12.9,420.7,0,0,0,1,0,0,1,0,0,0,0,1,0,1.9209,1.8952,-1.2592,-0.3723,0.4493
Air India,ATR 72,Clear,1255.8,179.6,202.0,23.0,8.8,8.8,419.5,0,0,0,0,0,0,0,0,0,0,0,0,0,0.372,0.24,1.2008,-0.3202,0.4276
Air India,Boeing 737 MAX,Overcast,752.7,137.7,103.0,26.7,33.4,33.4,328.0,1,0,0,0,0,0,1,0,0,0,0,1,0,-0.9429,-0.5856,-0.7168,0.3224,-1.2279
Air India,Boeing 737 MAX,Clear,1313.9,167.1,78.0,30.2,14.5,14.5,471.8,0,0,0,0,0,0,0,0,0,0,0,1,0,0.5239,-0.0063,-1.2011,0.9302,1.3739
IndiGo,Boeing 737 MAX,Clear,300.0,54.4,146.0,17.5,18.3,18.3,330.9,0,0,1,0,0,0,0,0,0,0,0,1,0,-2.1261,-2.227,0.1161,-1.2753,-1.1755
Vistara,Boeing 737 MAX,Rain,1101.4,168.9,213.0,18.4,51.0,51.0,391.3,1,0,0,0,1,0,0,1,0,0,0,1,0,-0.0315,0.0292,1.4139,-1.119,-0.0826
Vistara,Airbus A320neo,Clear,1231.1,172.1,139.0,16.6,3.6,3.6,429.2,0,0,0,0,1,0,0,0,0,1,0,0,0,0.3075,0.0922,-0.0195,-1.4316,0.6031
Akasa Air,Boeing 737 MAX,Rain,1469.7,167.1,127.0,32.9,54.9,54.9,527.7,1,1,0,0,0,0,0,1,0,0,0,1,0,0.9311,-0.0063,-0.2519,1.3991,2.3853
IndiGo,Boeing 737 MAX,Rain,1114.45,115.8,84.0,26.8,30.1,30.1,577.4,1,0,1,0,0,0,0,1,0,0,0,1,0,0.0026,-1.0172,-1.0848,0.3398,3.2845
SpiceJet,Airbus A321neo,Rain,1114.45,167.9,79.0,18.5,39.6,39.6,398.3,1,0,0,1,0,0,0,1,0,0,1,0,0,0.0026,0.0095,-1.1817,-1.1016,0.044
Vistara,Boeing 737 MAX,Thunderstorm,729.8,116.4,141.0,22.3,72.2,72.2,376.2,1,0,0,0,1,0,0,0,1,0,0,1,0,-1.0028,-1.0053,0.0193,-0.4417,-0.3558
IndiGo,ATR 72,Clear,1202.2,175.0,66.0,32.1,13.4,13.4,412.2,0,0,1,0,0,0,0,0,0,0,0,0,0,0.2319,0.1494,-1.4335,1.2602,0.2955
IndiGo,Airbus A320neo,Clear,741.9,103.8,207.0,23.3,2.2,2.2,428.8,0,0,1,0,0,0,0,0,0,1,0,0,0,-0.9711,-1.2536,1.2977,-0.2681,0.5959
SpiceJet,Boeing 737 MAX,Overcast,936.8,148.1,142.0,23.0,19.0,19.0,379.5,0,0,0,1,0,0,1,0,0,0,0,1,0,-0.4617,-0.3807,0.0386,-0.3202,-0.2961
Air India,Airbus A320neo,Clear,701.7,131.1,222.0,20.3,13.6,13.6,321.1,0,0,0,0,0,0,0,0,0,1,0,0,0,-1.0762,-0.7157,1.5882,-0.789,-1.3528
Vistara,Airbus A320neo,Overcast,1360.5,201.6,128.0,18.9,15.0,15.0,404.9,0,0,0,0,1,0,1,0,0,1,0,0,0,0.6457,0.6735,-0.2326,-1.0322,0.1634
IndiGo,Boeing 737 MAX,Overcast,1443.4,214.7,159.0,32.1,61.0,61.0,403.4,1,0,1,0,0,0,1,0,0,0,0,1,0,0.8624,0.9316,0.3679,1.2602,0.1363
SpiceJet,Boeing 787 Dreamliner,Overcast,1006.2,167.1,228.0,35.0,22.0,22.0,361.3,0,0,0,1,0,0,1,0,0,0,0,0,1,-0.2803,-0.0063,1.7044,1.7638,-0.6254
IndiGo,Airbus A320neo,Clear,1115.3,156.0,151.0,19.1,35.9,35.9,429.0,1,0,1,0,0,0,0,0,0,1,0,0,0,0.0048,-0.225,0.213,-0.9974,0.5995
IndiGo,Airbus A320neo,Clear,520.6,106.4,155.0,33.4,5.5,5.5,293.6,0,0,1,0,0,0,0,0,0,1,0,0,0,-1.5496,-1.2024,0.2904,1.4859,-1.8503
IndiGo,ATR 72,Clear,980.1,152.7,96.0,22.1,16.1,16.1,385.1,0,0,1,0,0,0,0,0,0,0,0,0,0,-0.3486,-0.2901,-0.8524,-0.4765,-0.1948
Vistara,Airbus A320neo,Clear,1114.45,180.3,113.0,28.2,33.2,33.2,370.9,1,0,0,0,1,0,0,0,0,1,0,0,0,0.0026,0.2538,-0.5231,0.5829,-0.4517
SpiceJet,Boeing 737 MAX,Thunderstorm,2148.3,299.1,215.0,33.5,79.6,79.6,431.0,1,0,0,1,0,0,0,0,1,0,0,1,0,2.7048,2.5947,1.4526,1.5033,0.6357
Air India,Boeing 737 MAX,Clear,655.2,125.5,113.0,24.1,19.7,19.7,313.2,0,0,0,0,0,0,0,0,0,0,0,1,0,-1.1978,-0.826,-0.5231,-0.1291,-1.4957
IndiGo,Boeing 737 MAX,Clear,1685.7,252.5,136.0,23.0,0.0,0.0,400.6,0,0,1,0,0,0,0,0,0,0,0,1,0,1.4957,1.6765,-0.0776,-0.3202,0.0856
Vistara,Airbus A320neo,Clear,1498.7,225.4,56.0,29.8,2.4,2.4,398.9,0,0,0,0,1,0,0,0,0,1,0,0,0,1.0069,1.1425,-1.6272,0.8607,0.0549
IndiGo,Airbus A320neo,Overcast,1114.45,184.0,71.0,18.3,13.3,13.3,363.4,0,0,1,0,0,0,1,0,0,1,0,0,0,0.0026,0.3267,-1.3366,-1.1364,-0.5874
Vistara,ATR 72,Overcast,1803.4,258.0,130.0,31.9,15.9,15.9,419.4,0,0,0,0,1,0,1,0,0,0,0,0,0,1.8033,1.7849,-0.1938,1.2254,0.4258
Air India,Boeing 737 MAX,Clear,1248.8,198.5,218.0,25.9,46.3,46.3,377.5,1,0,0,0,0,0,0,0,0,0,0,1,0,0.3537,0.6124,1.5107,0.1835,-0.3323
IndiGo,Airbus A320neo,Clear,1255.7,188.8,123.0,21.5,15.2,15.2,399.1,0,0,1,0,0,0,0,0,0,1,0,0,0,0.3718,0.4213,-0.3294,-0.5807,0.0585
Air India,ATR 72,Clear,1078.8,144.2,187.0,21.4,60.4,60.4,448.9,1,0,0,0,0,0,0,0,0,0,0,0,0,-0.0906,-0.4576,0.9103,-0.598,0.9596
IndiGo,Airbus A320neo,Clear,1589.4,220.7,184.0,16.7,53.0,53.0,432.1,1,0,1,0,0,0,0,0,0,1,0,0,0,1.244,1.0499,0.8522,-1.4142,0.6556
SpiceJet,Boeing 737 MAX,Overcast,1538.6,223.3,174.0,21.8,13.0,13.0,413.4,0,0,0,1,0,0,1,0,0,0,0,1,0,1.1112,1.1011,0.6585,-0.5286,0.3172
Air India,Airbus A320neo,Overcast,849.7,136.4,99.0,23.4,10.8,10.8,373.8,0,0,0,0,0,0,1,0,0,1,0,0,0,-0.6894,-0.6112,-0.7943,-0.2507,-0.3993
IndiGo,Boeing 787 Dreamliner,Clear,572.3,95.7,101.0,18.6,42.6,42.6,358.8,1,0,1,0,0,0,0,0,0,0,0,0,1,-1.4144,-1.4132,-0.7555,-1.0843,-0.6707
Vistara,Airbus A320neo,Clear,1018.8,168.0,210.0,24.7,57.9,57.9,363.9,1,0,0,0,1,0,0,0,0,1,0,0,0,-0.2474,0.0114,1.3558,-0.0249,-0.5784
IndiGo,Airbus A320neo,Fog,780.0,104.5,50.0,27.8,56.8,56.8,447.8,1,0,1,0,0,1,0,0,0,1,0,0,0,-0.8716,-1.2398,-1.7434,0.5134,0.9397
Air India,Airbus A320neo,Clear,1074.6,164.7,211.0,23.7,2.9,2.9,391.5,0,0,0,0,0,0,0,0,0,1,0,0,0,-0.1016,-0.0536,1.3751,-0.1986,-0.079
Vistara,Airbus A320neo,Overcast,1595.0,167.1,53.0,29.0,24.4,24.4,572.7,0,0,0,0,1,0,1,0,0,1,0,0,0,1.2586,-0.0063,-1.6853,0.7218,3.1995
Air India,Airbus A321neo,Clear,917.1,149.9,194.0,20.2,18.0,18.0,367.1,0,0,0,0,0,0,0,0,0,0,1,0,0,-0.5132,-0.3452,1.0459,-0.8064,-0.5205
IndiGo,Boeing 787 Dreamliner,Clear,1082.9,163.4,181.0,31.0,9.1,9.1,397.6,0,0,1,0,0,0,0,0,0,0,0,0,1,-0.0799,-0.0792,0.7941,1.0691,0.0314
Vistara,Airbus A320neo,Clear,1123.2,167.1,220.0,25.7,17.7,17.7,403.3,0,0,0,0,1,0,0,0,0,1,0,0,0,0.0255,-0.0063,1.5495,0.1487,0.1345
Air India,Airbus A320neo,Clear,1439.4,203.3,53.0,34.3,4.9,4.9,424.8,0,0,0,0,0,0,0,0,0,1,0,0,0,0.8519,0.707,-1.6853,1.6422,0.5235
IndiGo,Boeing 737 MAX,Fog,300.0,72.8,50.0,39.5,41.1,41.1,247.3,1,0,1,0,0,1,0,0,0,0,0,1,0,-2.1261,-1.8645,-1.7434,2.5453,-2.6881
IndiGo,Airbus A321neo,Clear,857.3,144.7,120.0,22.2,10.1,10.1,355.5,0,0,1,0,0,0,0,0,0,0,1,0,0,-0.6695,-0.4477,-0.3875,-0.4591,-0.7304
SpiceJet,Boeing 737 MAX,Clear,1184.5,183.8,227.0,22.4,13.0,13.0,386.7,0,0,0,1,0,0,0,0,0,0,0,1,0,0.1857,0.3228,1.6851,-0.4244,-0.1659
Air India,Airbus A320neo,Clear,1580.0,229.4,84.0,23.5,5.8,5.8,413.3,0,0,0,0,0,0,0,0,0,1,0,0,0,1.2194,1.2213,-1.0848,-0.2333,0.3154
Air India,Airbus A320neo,Clear,903.2,146.2,57.0,28.6,7.0,7.0,370.7,0,0,0,0,0,0,0,0,0,1,0,0,0,-0.5496,-0.4181,-1.6078,0.6524,-0.4553
Vistara,Boeing 737 MAX,Clear,349.4,59.5,201.0,33.0,9.4,9.4,352.3,0,0,0,0,1,0,0,0,0,0,0,1,0,-1.997,-2.1265,1.1814,1.4165,-0.7883
SpiceJet,Airbus A320neo,Clear,1347.9,208.3,85.0,21.1,0.0,0.0,388.3,0,0,0,1,0,0,0,0,0,1,0,0,0,0.6128,0.8055,-1.0655,-0.6501,-0.1369
IndiGo,Boeing 737 MAX,Rain,845.9,149.3,227.0,27.3,29.6,29.6,339.9,0,0,1,0,0,0,0,1,0,0,0,1,0,-0.6993,-0.3571,1.6851,0.4266,-1.0126
IndiGo,Airbus A320neo,Clear,624.1,113.9,172.0,24.2,67.7,67.7,328.8,1,0,1,0,0,0,0,0,0,1,0,0,0,-1.279,-1.0546,0.6197,-0.1118,-1.2135
IndiGo,ATR 72,Clear,850.3,126.1,92.0,28.7,16.3,16.3,404.6,0,0,1,0,0,0,0,0,0,0,0,0,0,-0.6878,-0.8142,-0.9299,0.6697,0.158
SpiceJet,Airbus A320neo,Thunderstorm,1114.45,160.4,76.0,34.1,70.7,70.7,416.9,1,0,0,1,0,0,0,0,1,1,0,0,0,0.0026,-0.1383,-1.2398,1.6075,0.3806
IndiGo,Boeing 737 MAX,Clear,858.1,167.1,81.0,23.6,15.6,15.6,308.1,0,0,1,0,0,0,0,0,0,0,0,1,0,-0.6674,-0.0063,-1.1429,-0.216,-1.588
Air India,Boeing 737 MAX,Fog,300.0,65.7,127.0,15.0,122.4,95.36250000000001,274.0,1,0,0,0,0,1,0,0,0,0,0,1,0,-2.1261,-2.0044,-0.2519,-1.7095,-2.205
SpiceJet,Boeing 737 MAX,Clear,1458.8,219.0,170.0,29.5,5.2,5.2,399.7,0,0,0,1,0,0,0,0,0,0,0,1,0,0.9026,1.0164,0.581,0.8086,0.0694
Vistara,Airbus A320neo,Thunderstorm,1610.0,216.0,195.0,20.0,83.8,83.8,447.2,1,0,0,0,1,0,0,0,1,1,0,0,0,1.2978,0.9573,1.0652,-0.8411,0.9288
IndiGo,Boeing 737 MAX,Overcast,1360.6,189.8,205.0,24.1,33.0,33.0,430.1,1,0,1,0,0,0,1,0,0,0,0,1,0,0.646,0.441,1.2589,-0.1291,0.6194
Vistara,Boeing 737 MAX,Rain,644.9,103.2,206.0,29.7,40.2,40.2,374.9,1,0,0,0,1,0,0,1,0,0,0,1,0,-1.2247,-1.2654,1.2783,0.8434,-0.3794
IndiGo,Boeing 737 MAX,Fog,1019.4,152.9,65.0,26.8,30.3,30.3,400.0,1,0,1,0,0,1,0,0,0,0,0,1,0,-0.2458,-0.2861,-1.4529,0.3398,0.0748
Vistara,Boeing 737 MAX,Clear,1097.4,154.2,148.0,24.4,16.2,16.2,427.0,0,0,0,0,1,0,0,0,0,0,0,1,0,-0.042,-0.2605,0.1548,-0.077,0.5633
IndiGo,Boeing 737 MAX,Fog,1339.5,202.5,96.0,21.5,52.2,52.2,396.9,1,0,1,0,0,1,0,0,0,0,0,1,0,0.5908,0.6912,-0.8524,-0.5807,0.0187
IndiGo,ATR 72,Clear,1367.3,167.1,80.0,10.0,16.2,16.2,491.0,0,0,1,0,0,0,0,0,0,0,0,0,0,0.6635,-0.0063,-1.1623,-2.5778,1.7213
SpiceJet,Airbus A320neo,Clear,1114.45,125.6,53.0,24.843568464730286,22.5,22.5,532.4,0,0,0,1,0,0,0,0,0,1,0,0,0,0.0026,-0.8241,-1.6853,-0.0,2.4703
IndiGo,ATR 72,Clear,1132.8,163.5,214.0,23.5,10.1,10.1,415.7,0,0,1,0,0,0,0,0,0,0,0,0,0,0.0506,-0.0772,1.4333,-0.2333,0.3589
IndiGo,Boeing 737 MAX,Clear,1282.9,201.5,66.0,34.1,32.7,32.7,382.0,1,0,1,0,0,0,0,0,0,0,0,1,0,0.4429,0.6715,-1.4335,1.6075,-0.2509
SpiceJet,Airbus A320neo,Clear,1682.3,260.9,88.0,27.4,0.0,0.0,386.9,0,0,0,1,0,0,0,0,0,1,0,0,0,1.4868,1.842,-1.0074,0.444,-0.1622
SpiceJet,Airbus A320neo,Overcast,1114.45,199.4,97.0,21.8,30.9,30.9,335.3,1,0,0,1,0,0,1,0,0,1,0,0,0,0.0026,0.6302,-0.833,-0.5286,-1.0958
Air India,Airbus A320neo,Clear,1415.6,202.6,223.0,31.4,13.2,13.2,419.2,0,0,0,0,0,0,0,0,0,1,0,0,0,0.7897,0.6932,1.6076,1.1386,0.4222
SpiceJet,ATR 72,Rain,1133.5,176.0,225.0,31.9,29.1,29.1,386.4,0,0,0,1,0,0,0,1,0,0,0,0,0,0.0524,0.1691,1.6463,1.2254,-0.1713
Air India,Boeing 737 MAX,Rain,1664.2,238.3,88.0,23.7,34.9,34.9,419.0,1,0,0,0,0,0,0,1,0,0,0,1,0,1.4395,1.3967,-1.0074,-0.1986,0.4186
IndiGo,ATR 72,Clear,1263.9,187.1,181.0,32.2,51.5,51.5,405.3,1,0,1,0,0,0,0,0,0,0,0,0,0,0.3932,0.3878,0.7941,1.2775,0.1707
IndiGo,Boeing 737 MAX,Clear,755.6,128.1,79.0,21.7,0.0,0.0,353.9,0,0,1,0,0,0,0,0,0,0,0,1,0,-0.9353,-0.7748,-1.1817,-0.5459,-0.7593
